video_id,title
zxvXZrw_d-c,Breastfeeding and your period
ipMmpJkB8L4,Lesson 1: Cloth Diaper Styles - Cloth Diapering 101
Cu6h5IoqkoA,Kei To The City [Drift Feature Film - Japan]
rVNlFZ3c4T8,MCM QLD Meet 2014
_oNpmSAvpGQ,Game of Thrones - Lindsey Stirling & Peter Hollens (Cover)
8lBUf4HbIa8,Air France Flight 447's harrowing end
ucdnm8iU-5c,Sarah McLachlan - Possession [Official Music Video]
aDh_g-bOQsA,
A4ZLSUstLlw,
3MMXjunSx80,Jeff Buckley - Last Goodbye (Edit)
EcaxrqhUJ4c,Jeff Buckley - So Real
N6uEMOeDZsA,Huey Lewis And The News - I Want A New Drug (Official Music Video)
XFRjr_x-yxU,Phil Wickham - This Is Amazing Grace (Official Music Video)
#NAME?,
t0dAKFf8pyg,Are These Random Facts True or False?
FKU3UuJhIxU,"Ingrid Michaelson - ""Maybe"" (Official Music Video)"
cIvi0nQFbb0,'Breaking Bad's' Laura Fraser on the Remainder of Season 5
lwlogyj7nFE,Red Hot Chili Peppers - Under The Bridge [Video]
22m4WBuA0gI,"'Pussy, get out of my pants' comment has tv hosts losing it"
Za4ZZN0SekE,Citizenship Test
i8z-uETCczE,Borat speaking hebrew with israeli journalist
Bj3xL9zoY1M,The Ultimate Fighter 17: Knockout of the Season
tZEazb8h0U8,GLORY 16 Denver - Raymond Daniels KO Finish (Full Resolution)
6qkh9vUlMIs,Coolest Instrument
eNbwjO0Q1s8,Chris D'Elia VS Heckler
Po_Y2TarRII,Angry Fake Cop Attacks Me on Public Street
tqQeh2-UFIY,Drunk girl in store learns a lesson
rSyk9yiACkw,Borat interview - interviewer is jew
yQcBKyXw5CQ,Frank Yang and Elliott Hulse share a bizarre dinner
smE1kjEsdZk,Man Addressing Woman Who Cuts In Line
9ro0FW9Qt-4,Spice Girls - Say You'll Be There
YH65jS-EseQ,"Utah State University (USU) Basketball ""I Believe That We Will Win"" Chant"
X-T4U4BGF2A,Rabbits playing in the snow!
lnopJFvTa3Q,Best Driver Video - Drive the Ball Without Slicing It
4ivpY7otiy8,
OWp7T6E8ug8,Kobe Bryant 45 points VS James  Harden 44 points at the Drew  Summer League
gyWVia7hzGs,
FN4PF4ulNpk,Watermelon in 30 seconds or less (ORIGINAL)
Spd_v-d5-xs,Here Comes The Fuzz: #WOLFCOP Official Theatrical Trailer
fpbOEoRrHyU,Net Neutrality: Last Week Tonight with John Oliver (HBO)
0UIB9Y4OFPs,"DEF LEPPARD - ""Pour Some Sugar On Me"" (Official Music Video)"
6pjliE37ENY,
qP755JkDxyM,22 Jump Street - Final Red Band Trailer (Official)
5Ozvm703hp8,Avengers bloopers
WF3hbgPcmpw,James Harden Has a MEAN Crossover! NBA Kings of The Crossover Vol. 5!
R4SYIfhzMmU,Dave Chappelle Describes His First Encounter with Kanye West
DiWBhV3p37E,
94PV8xvuuCo,American Standard Toilet Repair
DgKKGnyfrX8,"Fabian Johnson's Story - ""One Nation. One Team. 23 Stories."""
9ItBvH5J6ss,The Fault In Our Stars | Official Trailer [HD] | 20th Century FOX
GTdfLmmigbw,The toilet from hell...adjusting the toilet flapper...?
fj9Ei7FGQgg,
U0oAggSqtLI,How To Do a Barrel Roll Google & Tilt. AWESOME Google Tricks!!!
VKMLJ5u4cE8,Bassnectar - Take You Down (West Coast Lo Fi Remix)
0OJpbfprVro,One Direction - Story of My Life (Audio)
Pecj5GGjQi8,Foxes - Let Go for Tonight
bdAPUuyEF6s,"Jamberry ""cold"" application & ""baggie method"" tutorial"
QqC0lSiF1gw,
O_oK5Zo9-So,The Hemingway Challenge ft. JOHN GREEN!
_uZpZAdIXrc,Vodka Filter Test: Brita vs ZeroWater Pitchers
xtNpVAWDrZc,Kids In The Hall - Armada; the Understudy
0x805d-nwQI,If Gay Guys Said the Stuff Straight People Say...
S0zOO_MBU1E,How to Improve Your Makeup Skills
PKffm2uI4dk,Sad Cat Diary
KWDNeDKZUbs,Terminally Ill - Act Sick Music Video 2K13
zrksjw66vkI,Bloopers: Sleeping Booty
w2jtOFfiF80,Last Week's News...We Think (Web Exclusive): Last Week Tonight with John Oliver (HBO)
7_Egh9mW5y4,Dave Chappelle Befriends Imposters on Facebook and Twitter
QgOBfCrxS3U,
HoYoVNBxaNY,Yo Daddy Battle
WYLvdLWkhk8,
j6IZ2TroruU,GM Ad: Last Week Tonight with John Oliver (HBO)
uEkafQZ5IAA,Pro-Russian Rebels Surround Military Academy: Russian Roulette in Ukraine (Dispatch 35)
_dLSy75M46o,
gdK98qnG804,Sleeping Booty - Fairy Tale Remix
gquOYUdszag,
UB0F_Jah_R4,It's Always Sunny in Philadelphia Season 7 Blooper Reel
2jH4T3LQvUs,The Other Takes of Charlie's Song (From The Gang Tries Desperately To Win an Award)
6UhgRdKhmqY,Scrooge vs The Grinch. Epic Rap Battles of Christmas
EZdH94R6XwQ,Fareed Zakaria Interview Pt. 1: Last Week Tonight with John Oliver (HBO)
oyVTKJugsiA,Behaving Badly - International Trailer (2014) HD
LpIyaIHsJbc,The Mexican Mormon War (Drug Cartels vs. Mormons Full Length)
NgoyVRO0A0E,How to Twerk | Club Dance Moves
JO_Enq9wG5k,13 Facts That Will Make Your Day Better
9EFhtygsHEY,Mickey Avalon - F***in Em All
1MAMu3LHIYA,"""Waterbound"" - Dirk Powell and The Transatlantic Musicians"
DwvqqvWnNOc,Counting Stars - OneRepublic | Nathan Chan and Space Among Many
ou1SoJt1lVU,We Were Evergreen - Daughters
93aA6rAlUAo,"Convos With My 2-Year-Old - ""The Pants"" - EPISODE 6"
TUzNs_r_Ms8,
F1wH_BMkC8c,"Get Ready with Me! Special Event Skincare, Makeup & Hair + How I Contour | Blair Fowler"
w4ru32xhdJY,airport express unboxing and setup
melF_w1C8Jw,4th of July Treats!!
Sm6Tclz_-J8,Gordon Gives Top Tips for Making Risotto - The F Word
J0LVTbltWLI,"Grimes Interview 2012: Claire Boucher Discusses Artistic Alter-Ego, Album 'Visions'"
TbVxYm06VcA,
tgWnQVfY3mE,New Zealand Lingo and Accent
RQ7i43-oU50,Nonna's Pasta with Zucchini & Tuna - Laura & Nonna - Laura in the Kitchen Episode
8gO4mrv93jY,"VELCRO ROLLER HAIR TUTORIAL + $1,000 GIVEAWAY! | Blair Fowler"
3SVcbft9XOA,The Auto-Interview : Grimes
96KF-5tuOLs,Apple Airport Express (2nd Generation): Overview & Setup
je1mypf-RH0,
Et__JYkM9IY,Hey! Happy Birthday to Me! Vlog July 6-9
sBG8O430uOg,How to Free Pour | Latte Art
XWIJNaA-JNA,Magic Pizza Reheat Method! - How to Get Crispy Crust on Leftover Pizza!
n7AaZhEOJSY,The Washington Ballet's hardest dance moves
CcIaOOHaj_k,
T74srOEjkMM,
91WeE3GtADU,Pork Roast with Blueberry Port Sauce - Pork Shoulder with Port Wine and Fresh Blueberries
GF8aaTu2kg0,"Kendrick Lamar - Bitch, Don't Kill My Vibe (Explicit)"
My2FRPA3Gf8,Miley Cyrus - Wrecking Ball (Official Video)
lIzjNUW1X7g,"Punahou Class of 2012 - Flash Mob / ""There You'll Be"" (Commencement 2012)"
ttggMJeUAo4,The Chicks - You Were Mine (Official Video)
pokZJxULXk4,How to Paint a Pink Rose Tutorial - Acrylic Painting Lesson
rYEDA3JcQqw,Adele - Rolling in the Deep (Official Music Video)
L40amkNdUdo,
QTUsbQXDwzw,Dumb and Dumber To Official Trailer (2014) Reaction & Review
RQLnpvZsFPU,Shockwave (On-Ride) Kings Dominion
ZRizmLpawrw,Aaron Paul -- 'Breaking Bad' Finale -- My Career's Over B**ch! | TMZ
oaMkBNMi9XQ,MADtv- Stewart takes a swim
HkhfL0pnMPQ,
l0S9iqNSvfg,Jim Carrey Fire Marshall Bill In Hospital
xB0I-FuXRwA,"ISSUES - ""Boyfriend"" Lyric Video (Punk Goes Pop 5)"
dHtwZ07N1ic,Rolling In The Deep Cover [Live from iTunes Festival 2011] - Linkin Park
fOQRe8dhZcc,
EYDRaKxD5Oc,
bpTOelUYh8Y,
yCx34ffYn3A,Easy Abstract Horse | Beginning Acrylic Painting Lesson step by step  | TheArtSherpa
CKxTdTqzbQY,Shockwave On-ride Front Seat (HD POV) Kings Dominion
OEEenOG5REk,WILDSTAR - 10 Reasons To Be Interested
kipz-14JxUo,
3L4YrGaR8E4,Rage Against The Machine - Bulls On Parade (Official Music Video)
Nym1P-BO_ws,Until It's Gone (Official Lyric Video) - Linkin Park
6pIh4X1_vx0,WildStar: Class Overview
q8iWABCKQsM,Windseeker (On-Ride) Kings Dominion
dfOz1-6NxHY,Hugh Jackman Nearly Chops Off His Penis - The Graham Norton Show
Ex77gYDhCK4,KUWTK | Kourtney Kardashian Cooks Up Placenta | E!
VXdVgALOS-M,Amanda Seyfried's Mustache Adventure
vM6hP9G8Jew,Tom Hanks Gets a Special Honor
UqieLZCk14M,The funniest video of Meryl Streep with Anne Hathaway & Emily Blunt - Oscars 2007
n5hP4DIBCEE,
RZBs_SKWv4E,"Phil Wickham - ""Mercy"" (Live at RELEVANT)"
eqOT0uyaBF0,Jennifer Lopez Recaps Two Big Performances
GSymJlOGf_Y,Leonardo DiCaprio's Shark Survival Story
Y2daLfEiJqI,
lRWqYR3e7xE,Don Omar - Taboo
Kq47U8AtGCA,WILL FERRELL Does Harrison Ford Impression - The Graham Norton Show on BBC AMERICA
6nJpww3Q6Xk,"Lamar Odom Flips Out, Destroys Paparazzi Camera After Khloe Kardashian Cheating Question"
7g4DnpqcJgM,EW - Matt Bomer -Magic Mike.avi
kKzCv5r2XBk,
i7JNlTcA-uM,KUWTK | Kim and Khlo√© K. Scheme to Trick Rob | E!
oO68Y8U9J5Q,John Krasinki Tells All to Ellen
YuokznF5qUU,ANCHORMAN 2 Cast Does Spoof News Headlines - The Graham Norton Show on BBC AMERICA
H0Z7wCDHn44,Julia Roberts on Scaring Her Kids
93BqNYJ84lY,
ltcS5ZtBymQ,Kevin Hart: Ice Cube Never Laughs At Me | CONAN on TBS
AP_aom1IgqI,Seth MacFarlane Impersonates Kermit the Frog - The Graham Norton Show
eCePmHrntdw,
SHwFqh4pFUk,J.Lo Shows Her Amazing Dance Skills
Og3ugAs64L4,
3a9jGKyH0vo,Emma Stone Brought to Tears by Mel B!
cFG9BcBbTQ8,ANDREW GARFIELD's First Love... & the Spice Girls - The Graham Norton Show on BBC America
Poq-9Hu5jao,Kim & Kourtney Kardashian @ David Letterman Show 16/01/13 SUB ITA
s79oJJ-8F9k,Brandi Glanville Says Joanna Krupa's P*ssy Smells | WWHL
Do2yf5JoJaA,Enrique Iglesias - There Goes My Baby ft. Flo Rida (Official Lyric Video)
SX4WJ9HIA24,Keith Urban Said 'Parakeet Breath'
kySYpq9s_pU,Adam Sandler and Drew Barrymore Talk 'Blended' Animals
tm47ydIG2wM,"STEVE CARELL, KRISTEN WIIG & CHRIS O'DOWD Kill & Eat a Fly?! The Graham Norton Show on BBC AMERICA"
xJ-08JudI8Q,Maya Rudolph and Sean Hayes Chat with Ellen
VYGKr0bYwik,WARNING: Important Garcinia Cambogia Side Effects Information
svPV1QNULbM,
uKvQvWTZFWg,Anne Hathaway's Lil' Wayne Style Paparazzi Rap | CONAN on TBS
fl6XZ6-vmE0,John Krasinski + Gun Range = Hot First Date | CONAN on TBS
F64fsyXfR_0,"Zooey Deschanel, Mindy Kaling and more Comedy Actresses on THR's Roundtable | Emmys 2014"
Cc0pj2tf6_4,"Cure Sweaty Hands, Palms, Hyperhidrosis, Hyperhydrosis"
DDeyI_xjjo4,Mila Kunis speaking fluently Russian at Urgant Show March 7th 2013 (with James Franco)
93DYxrQg3b8,Unfair Advantages Of Being Attractive
Ee-jtt8PABs,Mark Consuelos' Favorite Way to Burn Calories
hn1B7EDsVkU,Ellen's Favorite Moments with Melissa McCarthy
i-M9TD9vS5g,SHIT MIDDLE EASTERN GUYS SAY
6D4f2XEy43U,"Freddie Wong & Matt Arnold Shoot Conan's ""Video Game High School"" Cameo | CONAN on TBS"
RlySZmiLgD0,YOGA PANTS PRANK 2!
RxSXGaH79Yk,Law and Order: GOT
MvQndVejgQ0,Julien's Extremely Long to Very Short Haircut!
8PFuomw9jlg,Oh' Pit Crew with the RuPaul's Drag Race Scruff Pit Crew - Heels
GyeCXrUuFmk,"Kitty learns how to play Jenga, plays DIRTY."
YnF1b_Kqf88,"Agarose Gel Electrophoresis, DNA Sequencing, PCR, Excerpt 1 | MIT 7.01SC Fundamentals of Biology"
8luR7mPt5PY,Shawn Morales & Robert - Couple$ for Ca$h
7g7380NArzU,
LSlustW8Mks,
gPtJ6P-qJ9k,Growing out Hair for Men | 6 Month Hair Update (kinda)
lytzFvAfRRk,Top 10 Sexiest Music Videos
riQTu_939MY,Golden Retriever Puppies Play With Ice Cubes And Get Ice Stuck All Over Themselves
bFphiIEIHsM,Top 10 Memorable Scenes in Bad Movies
4Y7CpS0gtlk,
9_hKXk2qSuw,Toni Braxton - He Wasn't Man Enough (Video Version)
jkh4z9wbz88,Official VidRhythm Trailer
t6RozEGxFWU,Why Do We Have Body Hair?
QOXzwwI5GYc,Pinching your keloid
uCo4EYmHt1w,Top 5 Post-Credit Scenes in Marvel Movies
G0WUDmFx5jY,Man stuffs baby in spinning washer
re4H9OBqYdE,X-Men Days of Future Past - MTV Movie Awards 2014 Opening Battle Full Clip & Review : HD PLUS
JSzL-osslUg,Hair Growth in a Year
hS9KPwfylmg,J Pee - I'M NOT GAY
PLkXoLIuv2M,
Xn676-fLq7I,Kelly Clarkson - Stronger (What Doesn't Kill You) [Official Video]
Rtjb0gY14OI,
XyX9-068Xx0,7 Superpowers You Can Have Right Now | YouTube Nation | Saturday
US5fXXiWjSk,"New Kids On The Block, Ne-Yo - Single (Official Video)"
u5ajFXr_LP0,"Jack Russell Terrier puppy ""Aiden"""
a4DPYcdgXkU,Darienne Lake (Dip on in!) Rucap Compilation - Rupaul's Drag Race Season 6
lGCnrJ45GRY,Top 10 Heart Stopping Movie Moments
zG2z4ng2ghU,Would You Rather - Official Movie Trailer (HD)
WcB3s8KOk4w,How to make your own microphone Pop Filter
ttubsUWgZg4,"Childish Gambino - ""Unnecessary (feat. Schoolboy Q and Ab-Soul)"" With Lyrics HD"
X04YTnKjAbk,Schoolboy Q - To Tha Beat (F'd Up) SETBACKS MIXTAPE
UfEGX0rNOvA,
hKFRwLIGri4,A$AP Ferg - Let It Go (Explicit)
B45PsWzmguM,Unnecessary Censorship - Diablo 3 Part 2 (Censored parody)
O7vKZRG0k9s,Migos - Bando
iXZxipry6kE,A$AP Ferg - Shabba (Explicit) ft. A$AP ROCKY
TNpcN_iQszk,"Ab-Soul ft. ScHoolboy Q - ""SOPA"""
rc-Vqcud32I,ScHoolboy Q - Break The Bank (Explicit)
7Qxt1SCXdKc,How To Set Up A MIDI Keyboard
eOsyDxYAGXk,Adventure Time with Action Bronson - New Zealand (Part 2)
QiDCAXIw0yU,Mighty Clouds Of Joy - Walk Around Heaven
W9Wst03cTpc,The Sonic The Hedgehog 2006 Movie HD
zjXE5OjqyEo,How To Edit A Youtube Video (Easy)
_Ixip0K2r10,Dru Hill - In My Bed
Py2f38iPBeI,Sesame Street: A Song About Elmo
3DeVovHw1RY,How Cannibals Live | Tribe | BBC Studios
YhrJ8qITUUs,"""Swing Low Chariot""- Clara Ward Singers"
bvNT6UfyP6w,The Finger Family - Nursery Rhymes for Children
0uenvW3DrMI,5 little Monkeys jumping on the bed nursery rhyme  -- Morphle's Nursery Rhymes
LKCYLJBM1g4,The Finger Family | Dog Finger Family Nursery Rhyme | Kids Animation Rhymes Songs
fZ9WiuJPnNA,"Sesame Street: Feist sings 1,2,3,4"
fPAVmZFgwW0,
agxi8cei9h8,Mary Mary - God in Me (Official Video)
p-f6aboKAEE,Sesame Street: Abc Hip Hop With Miles
kX-m4XWgcu8,Choo Choo Soul - Alphabet
FJBN-2jgiHY,Anthony Brown & group therAPy - Testimony
Lgxp5E6aFfk,"Deitrick Haddon, Ruben Studdard, Mary Mary - Love Him Like I Do (Official Video)"
Yc8x33lAnAk,Lecrae - TELL THE WORLD Feat. Mali Music (@lecrae @reachrecords)
K1dbmWyG084,M & S 2014 Sochi Winter Olympic Games Sonic & Amy *Figure Skating Pair*
mAsv6j7cs4o,
kZSE92Xnx0E,Zeta Psi shows OWT! Fall 2011 Yard Show
e77zZA4OfP4,ABM: Knuckles Vs Rouge Sonic Adventure 2 Battle
Crq0NwiaqE8,ABM: Sonic vs Amy on SOCH 2014 VALENTINE'S DAY MATCH!!! HD
ML8IL77gQ3k,Sesame Street: The Alphabet With Elmo and India Arie
k2l19a13Ff4,Mary Mary - Yesterday (Video)
rog8ou-ZepE,Vanilla Ice - Ice Ice Baby (Official Music Video)
UAWcs5H-qgQ,Ed Sheeran - The A Team [Official Music Video]
HpzL5CpPd24,TOP 10 VIDEO GAME TRAILERS 2014 | HD
otCpCn0l4Wo,MC Hammer - U Can't Touch This (Official Music Video)
FcdOLKx2XG8,"Phosphorescent - ""Song for Zula"" (Official Audio)"
dU85F3rLD_0,Willam's This Is Not The Beatdown Ep 25- How To Tuck
Oedshi_HeaY,Spikey Van Dykey's Drag King Binding Tutorial
yfnn9mzTcQQ,Drag Queen Tutorial : Hip Pads
Uj9xg3jAIsY,Justin Timberlake - Not A Bad Thing (Live on The Tonight Show Starring Jimmy Fallon)
s4UEifGF8DU,British People Taste Test American Snacks
g5Jcz07Qf_U,6 Unwritten Rules to Living With Your Significant Other
X2BYmmTI04I,5 Seconds of Summer - She Looks So Perfect (Official Video)
W7VcLCwnpt4,Do physicists believe in God?
EyXDNAelT6o,
CCJhjPN98eA,"""My Successful Friends"" Tales Of Mere Existence"
eN7US3MWHcM,Cat Power - Dreams
vhMQhMFgE-Y,Mila Kunis Speaking Russian in Moscow
1hWO7AIKqXw,Montreal vs Toronto: which has a better dating scene?
5NubJ2ThK_U,What percentage of your brain do you use? - Richard E. Cytowic
gd7wAithl7I,The Science of Laziness
zqXs7TicEtk,Share Mind-blowing Videos
ybjpIt9oPuo,Cat Power - Manhattan
phPs03-kz0I,"$2,000+ Engagement Ring for Cute Couple!  | Give Back Films"
Q-ezaxiKe-Y,Devendra Banhart - Carmensita
QXriQCFDCeQ,Learn Spanish - Fast Method - Level 1
ZbBSR1o6li4,"Adult World Official Trailer #1 (2013) - Emma Roberts, John Cusack Comedy Movie HD"
HOyMmqRAlos,Sex Ed the Series Episode 2: Fortune Favors the Brave
9O1KxEnRwFY,
Z5gNKZEoa14,Sex Ed the Series Episode 6 - The Body Electric
gMCQr4ySbs8,This Makes Real World A Video Game? -- Mind Blow #80
bpOSxM0rNPM,
0YB4B_m6rjM,Sydney's Best Social Dancer 2012 | Reggaeton Finals
gZCXuMLrmXc,Top 10 Kickstarter Fails
Osn8rjkPyYM,Philip Seymour Hoffman on Happiness
As1lwvqHKQA,Ira - Christians Are Picked On
rre0sFHlfBc,Iggy Azalea - Change Your Life ft. T.I. (Official Music Video)
6cUiz8WFFN0,Lana Del Rey - Interview for 98.7 FM Singapore
sOvBM9kRdAo,Medicine - Fact Hunt #20 - Truthloader
v6hBY6Gcw9A,Sex Ed the Series Episode 3 - Vodka and Hand Mirrors
juFHYgCU_sQ,NU LOOK- Wasn't Meant to Be
jg-O7f_1Ngc,What Do Strangers Think Of You?
70VGjBMezDA,OOTD- I MADE THIS DRESS!
2h_hbk_Ax5k,Mila Kunis Goes Nuts in Russian -- Friends with Benefits Press Interview | TMZ
Fg2WzCzKpYU,Super Expensive Metals - Periodic Table of Videos
WKNRGc71hjc,Buranovskiye Babushki - Party For Everybody (Russia) 2012 Eurovision Song Contest
Pedf_OQmcmI,Ivi Adamou - La La Love (Cyprus) 2012 Eurovision Song Contest Official Preview Video
YofTe-mhB24,The Royal Family - New Zealand at 2013 HHI World Finals (Gold Medalist/MegaCrew Division
SaolVEJEjV4,Conchita Wurst - Rise Like a Phoenix (Austria) 2014 LIVE Eurovision Second Semi-Final
utyD1ci_C-0,Non Traditional Pre- Twisted Crochet Braids (kinky twist) Tutorial
jOjoEeOsIRQ,CROCHET BRAIDS: Shhh...Don't Tell Nobody Else ;-)
JuKCwS8wmls,Telling The Story Of Your Life | Lisa Nichols
wgT_MVoKVtI,
4acm3gcWhAE,"Jessy Matador - Allez, Ola, Ole (France)"
RKy1fQLmwRA,CROCHET BRAIDS: Side Mohawk! (Slow motion)
k59E7T0H-Us,Emmelie De Forest - Only Teardrops (Denmark) 2013 Eurovision Song Contest
tR6S-2KH_sA,I Shaved Off ALL My Hair!!!
WXvB2TUDKJk,KTX FITNESS
qsgyJ2nVXBU,MARLEY BRAID CROCHET EXTENSIONS USING BOBBY PIN | @MEEKFRO | MARLEY HAIRSTYLES
PVw9v-HSeD0,
_erBm79P-EE,Havana Marley Twists ~ Crochet Braids Tutorial
IoAmkKk_r7I,Get Ready for 2014! Watch & Relive the Lollapalooza 2013 Magic!
5xmWlJV1Dxc,I rebuke Sallie Mae
neN5vVuRBac,Drive Thru Teddy Bear Driver Prank
9S9PSyxzu9A,TripIt Secret Sauce Revealed
C_lMayMYSNI,
hfCGijEYMLo,Oh JK Rowling - Kinetic Typography
8JcK-Okd12w,"Kristen Bell Plays ""What's That?"" Frozen Edition"
A86nwHnIc1U,
1Jch6nGENfw,CHRISTINE'S SPRING BOOK HAUL
w1Dl08JlJBo,
7gXU5-UKctE,
iXN5PZJZ6WI,10 WAYS TO KNOW YOU ARE IN LOVE
_b70clcyeAg,10 Worst Ways to Come Out
cgzh2BeFBQE,Sex with The Hulk
TUS9vRCc2Xc,
Er_Qznjik7E,
vD1XLlKeFG4,"Top 3 Services To Get Paid Apps, Pay Pal Money And Giftcards For FREE!"
QRHif2aVPvw,Methylation and MTHFR Defects presented by Dr. Ben Lynch
7tu9nJmr4Xs,The shocking truth about your health | Lissa Rankin | TEDxFiDiWomen
ZHxMzJ-2wiU,Teen's app makes him millions
gdnLZNN5_Os,
j1p0_R8ZLB0,The Prototype Official Teaser Trailer #1 (2013) - Andrew Will Sci-Fi Movie HD
Ntn1-SocNiY,Shakira - Waka Waka (This Time For Africa) ft. Freshlyground (Official Video)
KewfYKJy8YU,Shakira - Loca (Official Music Video) ft. Dizzee Rascal
aPlQUfj84sg,Art School VS Reality Ep.4
_3Hf8rFPjyg,"Teenage Mutant Ninja Turtles Official Trailer #1 (2014) - Megan Fox, Will Arnett Movie HD"
Ec1-3Fjxy0c,"Final Girl Official Trailer #1 (2014) - Abigail Breslin, Alexander Ludwig Movie HD"
TSuDYrAZezE,Live Your Life - Joy Morales
XBfYfy-jOHA,Conceptualism VS Reality Ep.2
1Rg1sFMxnbM,Larry Bird - Confidence and even some more Trash Talking
loR1sI0NWzI,
zvkxYGDneCQ,"Heatstroke Official Trailer #1 (2014) - Maisie Williams, Stephen Dorff Movie HD"
Vhh-XF01Ats,AlunaGeorge - Best Be Believing
3JWTaaS7LdU,Whitney Houston - I Will Always Love You (Official 4K Video)
MgDHxaC_VwU,
qigTixkRBs4,
STAk6sPjEbw,
OaYkKLlZDzE,Hot Contestant on Wheel of Fortune.mpg
d5kpXhq5nHM,"No, THIS is why Norm MacDonald should roast Obama, Part 1/2"
znPBz5POK9Q,How To Wake A Pug
OtKYKcSPViQ,AIG Announcement for the upcoming USA v All Blacks match in Chicago
ZxBNXoIGzWI,
syDAQebDivY,Daddy Knows Best - Game Night
2PUefiJBJQQ,Jack Gleeson aka King Joffrey from Game of Thrones answers every question ever...
Y5wK5Z23hoo,Super Mario Bros. 3 and The Wizard - Angry Video Game Nerd (AVGN) -- REUPLOAD
eNQN7tZMkA0,
qYNeT2nzEgA,Tyrion Slaps Joffrey For 10 Minutes To Achilles Last Stand
gYVZjKgoKdg,Everything Wrong With The Avengers In 3 Minutes Or Less
oUCrGEw3KOE,4 Movie Apocalypses That Would Be More Fun Than Reality | After Hours
KEU_D6D7Je8,Game Of Thrones Season 2 All Deleted Scenes
gxJ4M7tyLRE,Why is it Dark at Night?
I4CrUeEQATM,Game of Thrones Commentary - Peter Dinklage : Jack Gleeson Is The Coolest Kid
Mi-JGBP1HSk,Majora's Mask: The Legend Of Zelda - The Angry Video Game Nerd
rB9ePIbRYg8,Garbage Trucks Part I
TdDHbaYtTKY,Pizza Clown
FuxWg54wRjU,George Tonight: Janeane Garofalo | George Stroumboulopoulos Tonight | CBC
oF4RxoBzTpo,Everything Wrong With Godzilla In 7 Minutes Or Less
3lKYPp2Kp6s,"iTunes, Assad, and Right Said Fred: Last Week Tonight with John Oliver (HBO)"
S78RzZr3IwI,Sorkinisms - A Supercut
M7SJ1z36lWM,Drunken Hooligans Answer All Of Life's Questions | Cracked Improv | 1 of 4
NqJ4Jurk8io,THE GAME OF THRONES CAST PICKS WESTEROS'S SEXIEST MAN ALIVE!
Ua8C_vsEc50,
uSDR3w6-Kzw,Making of the Sunny Pilot
IgyN-TYsTqg,Pizza Clown Christmas
aOBjlQwOkcY,Matt Damon Loses It and Flips out at Adrian Grenier while filming!
K9Cpngug8Oc,How To Jump Start A Car Battery - Advance Auto Parts
SHnTocdD7sk,"""Weird Al"" Yankovic - Trapped In The Drive-Thru (Official Video)"
iCbf2wqE4Gw,How To Get Flat Abs (weird exercise that works!)
pVNm2O98ZFo,
QfkjHgV_Xwg,Dirty Talk Dating - Live Prude Girls! - Break Ups
eYTcZjCj4nk,
6UllxydS1Ho,
ftm5r_bFIU8,6 Insane Stereotypes That You Still See in Every Movie - After Hours
jqvraGNfKVY,Grammy-nominated composer speaks up against union blockage of Game recordings
gAH0eSEUguE,HOW TO STAIN A DECK.  Tips Staining A Wood Deck.  DIY home improvement tips.
gDkMngImXLA,Galaxy S4 (I9500) - How to install Official Android 4.4.2 KitKat
ZykbMsee3CY,5 Strange Facts About Belly Buttons
PqMBYRIDrVg,6 Things That Will Happen in Your Lifetime
z-tTFKra3Ik,Babbel Voices | Matthew's 9 Language Monologue
LahcSFleKm8,City High - What Would You Do?
0ZckrLJpmLA,Capcom Cup 2013 Super Street Fighter IV AE Top 5 Pro Plays
nMzdAZ3TjCA,Nike Air commercial Charles Barkley
uq3pg0JcJSI,The Greatest Ultimate Frisbee Highlight Reel...Ever! - by UltiVillage.com
e9wHSIsllVg,Dota 2 Purge plays Morphling
8ApKWjLB1LA,
9vCbPq_orXI,Frog Frenchie Fun French Bulldog Puppy Argues Bedtime
Hgb13le7CXs,"The Wire - De'Londa, Mother of the Year"
xSvCONMiIj8,GRAND THEFT MARIO KART (BTS)
76u0YZTe8Is,Pitbull Addresses His Short Pants
Rx5lDbDapnk,'Duck Dynasty' Sadie Robertson Hits the Runway at New York Fashion Week
qpm2zpuxKVM,Drunk Girl gets Arrested at Lions Game
mkhN4L7Mn74,Inbound Marketing Rap
ocMyXXAYnVY,Why did Facebook buy WhatsApp?
QGEESaxQAyM,
KPzKp9TubgU,
-7pfmHDVmZ4,[ENDED] The Behemoth Studios Stream is LIVE
k_LyHaXBeog,
WuPjUrtK6Y0,Suggestion Box: The Roots Ride Dr. Doom's Fearfall
Bmhy9VYVY8c,Sin City 2 A Dame to Kill For | trailer US (2014)
kgp7OAFA99E,Instant Rewards
i6Oks_lzKZs,Matt Cordle Pleaded Not Guilty After He Confessed Online to Drunken Driving
c97UxZoWZv4,EA SPORTS UFC Demo - Arm Breaking Submission! + Jon Jones Is Overpowered | iPodKingCarter
gw72RpeJbkE,[ENDED] STREAM IS LIVE
sgRnWnXQEvQ,[ENDED] ELEVENTH Nova and Immortal Stream is LIVE
Y8fndX_7PqQ,
IiXdIwrYw1s,
gFcCO1UQMLY,Dead Rising 3 Walkthrough Part 28 - Bodybuilder Jherri Psychopath (XBOX ONE Let's Play Commentary)
CzkoeyhAAdk,
b6ZagKRnRdM,Using Relays and Relay Boards with the Raspberry Pi
A1Vmn5EKaiQ,How to install mods for Kerbal Space Program (Steam) - OUT DATED
vha4Q58dxtU,King of the hill - Pro Pain gaming experience
VmetFPHF_yE,SPOILER! Game Of Thrones 4x08 The Red Viper Vs The Mountain Reactions Compilation
1skZOclwWpo,"Welcome Back, Potter - Cracked Series Trailer"
l7p1tZ_bhwM,Elephant Roar sounds like a T-Rex
7wC42HgLA4k,The Trouble with the Electoral College
QT0I-sdoSXU,Mixed-Member Proportional Representation Explained
crEz8i6oVpI,Dont Bother Me
TuNqFD8IvyE,How LeBron Scored The Easiest 49 Points Of His Life: Heat vs Nets Game 4
eFSiiiFkvhM,Video Game of Thrones: Super Mario World
NHoum2caBoM,Squats Butt Building Workout in the Gym
VgDQN2qls9c,Mogwai - Mogwai Fear Satan
ZAgGBfLgKmY,"""Nostalgia"" - Rap with 15/8 time signature"
0BTErkXcHGA,"BUTT WORKOUT!!! In the GYM, this Works!"
D4Iiy29whaY,Evil Elmo Karaoke Performance
79DeJqyhwWs,Seth Rogen & Snoop Recap Game of Thrones
zEOcsq_G4MM,INTENSE Butt Workout: Women's Leg and Butt Workout!!
LjAsM1vAhW0,Peter van Uhm: Why I chose a gun
St5PLcxZy44,Game of Zones S1:E1 'King James & Spurs White Walkers'
8Uee_mcxvrw,'I FINK U FREEKY' by DIE ANTWOORD (Official)
hhsSfSg6uMY,4 Simple Tasks That Are Way Easier Than They Look in Movies - Obsessive Pop Culture Disorder
5MDc0ZI7dLc,
OmMuGr0UFbs,Magnetic Putty Time Lapse
OINa46HeWg8,I Forgot My Phone
t_N7MAr98CI,Is College Worth It?
5ye78F4Mnbk,TEDxSantaMonica - Kurt Schwengel - Occupy Kindergarten
HSOmTxEXosY,Maleficent 2014 Official Trailer + Trailer Review : Angelina Jolie - HD PLUS
w65QAxr8OQg,"Top Ten Disney Villains : Maleficent, Ursula, Evil Queen, Gaston, and more! - Beyond The Trailer"
_jPKubjrOmI,Simon Draws: Mice - Simon's Cat | CREATIVE
LfRNRymrv9k,Mariah Carey - Always Be My Baby (Official Music Video)
GZLkw9io9C0,Rooney - When Did Your Heart Go Missing?
0habxsuXW4g,Mariah Carey - We Belong Together (Official Music Video)
ArJKyytyIoA,
_wjFahULCK8,Metro Station - Shake It (Official Video)
R7iRkTaVvNc,"Straighten Natural, Curly Hair: In Depth (3C, 4A, 4B)"
6_W_xLWtNa0,Shy Ronnie 2: Ronnie & Clyde (feat. Rihanna)
A86JGbBEaBk,What If Official Trailer #1 (2014) - Daniel Radcliffe Romantic Comedy HD
05DhGEYA0HI,Gerbera Daisy Acrylic Painting Tutorial for Beginners (Part 1) | Free Lesson | How to Paint Daisies
JglWZ-wC3Vk,Cher Lloyd's X Factor Audition (Full Version) - itv.com/xfactor
CgiX53hjAPc,"B2K, P. Diddy - Bump, Bump, Bump (Official Music Video)"
NisCkxU544c,Like A Boss (ft. Seth Rogen) - Uncensored Version
6rgStv12dwA,Baby Bash ft. Frankie J - Suga Suga (Official Video)
B9rGNfJmXRc,JoJo - Disaster (Official Video)
GI6CfKcMhjY,Jack Sparrow (feat. Michael Bolton)
zqypUFDNDb0,Hey Beautiful by The Solids (How I Met Your Mother Theme Song)
ezrkdKlh3xY,
AOuTECbg7wU,Praise Team - Canada (Silver Medalist/MegaCrew) @ HHI's 2013 World Hip Hop Dance Championship Finals
ZypLFCDOY0Q,Identity - New Zealand (Silver Medaist/Adult) @ HHI's 2013 World Hip Hop Dance Championship Finals
1X14vbLFCJY,Rockwell Family - Canada (Gold Medalist /Adult) @ 2013 HHI's World Hip Hop Dance Championship Finals
ZjQxvg6sfwY,THE CREW (Philippines) Gold Medalist /Adult @ 2012 World Championship Finals
htEAz2Wk0UM,Sol-T-Shine - Japan (Silver Medalist /Varsity) @ HHI's 2013 World Hip Hop Dance Championship Finals
QapfTGTXbxc,Shakira - Empire
YG9FUrRXYxY,
P7yhz8bUFK0,"Alan Partridge Official US Release Trailer (2013) - Steve Coogan, Colm Meaney Movie HD"
crCqWK3SmRo,Luke Bryan - That's My Kind Of Night (Official Music Video)
cs72v-2zjsg,Sick Puppies - All The Same (Official Music Video)
x4iBBfEHNaE,Fly Young Red - Throw That Boy Pussy Video
IVC9-V0m-0o,
tN4ShzUOpSA,"Mondays: Fight SFX Pack, Working With No Crew, & Copyright Issues!"
C4o6KxqOgO0,Mondays: Shooting A Loud Party Environment & Slow Mo Music Videos!
ALV-QtDFpSw,Luke Bryan - Play It Again (Official Music Video)
sAyJA2lZEio,Raw: Shooting Rampage Near UC Santa Barbara
ZyhrYis509A,Aqua - Barbie Girl (Official Music Video)
5EARTcJ48H0,Adelitas Way - Invincible
ShHXl6flbew,Adobe Premiere: Mix Frame Rates (TUTORIAL)
JMbHZ8Mn__g,ATI's Radeon HD 5870 Eyefinity 6 Edition Graphics Card Can Run Six 1080p Monitors Simutaneously
PN3pCY1U1ow,Best of Singapore travel documentary
O546OefzTMg,Face Exercises - Lose Your Chubby Cheeks
FoR4Q3P1sdQ,Review: V-MODA Crossfade M-80 On-Ear Headphones
RrOt4R-kR2g,The Top 10 Personal 3D Printers (2013)
mEtrE-tPAEk,The 3D Printing Industry (2013)
qZDog_CjaWo,
E2ik_cCdlGs,Arduino Bluetooth Audio Boombox: Details and parts
YQuTu8rgJSA,
dBYc20bB6LI,Samsung Keynote @ CES 2013 - Youm flexible Displays OLED Display [HD]
_eaKERGAS-o,
RIYy5TZOYso,Nicki Minaj Catches Up with Ellen
OWAw7gxfB7Q,
f9573kGBtuE,Nicki Minaj Sings 'Super Bass' with Sophia Grace (Full Version)
o3SqUUoJjW8,Lana Del Rey - West Coast (Official Audio)
1G17wQR3DL0,
FVxv6AFt7YM,
mhpE-g-2k4c,SpaceX vs US Air Force - 7.12
7ZDhYE592v0,
PadCPWsPKRQ,Urijah Faber Introduces Full Contact Skydiving
KZLric-wK7I,"The Big Irish Vlog - ""Savage Praxis, Gen Con, and More"""
sNCgbycMOis,
DgLBIdVg3EM,F9R 1000m Fin Flight | Onboard Cam and Wide Shot
zBXFFObsg5M,spaceship SpaceShip SPACESHIP - 7.16
5V00fAJyLpA,When do we get to finally go to Mars? 7.17
DW91Ec4DYkU,Italian Hand Gestures: A Short History | The New York Times
vDAfk2dSZ_U,Big Mucci - The Bikers Shuffle - Part 1 (Audio) (Extended)
Xc0HALrWrXs,
M8KBC7GFqHk,
8tVxMcNsMzQ,
s5ySnbfWLYA,TOILET PAPER GUN PRANK
CBguqYqPJkc,Charles Barkley Tells Lance Stepehson to Shut Up
d4jd3-R8Q60,A Jamaican Apology
chrEsZffie8,"Sh%t Southern Women Say, Episode 2"
lNWt6Wd9gXU,"Sh%t Southern Women Say, Episode 4"
uwJ66XxGBFk,THE BIKERS SHUFFLE (MILWAUKEE VERSION)
plqW7dJJ-to,The Jamaican Boyfriend
IMLXODDgMEQ,
BhP5V6KnepM,WELLA KOLESTON 12/81 Pearl Ash
IG2j7kOLHiI,
XsqW6byqotE,HOT PEPPER EXTRACT PRANK
YIum9okpW2w,Jamaican Delivery
bDeOSQ-yf5w,Ight I'll Holla
IT8w_GL16ro,i Hate Rappers
zBvaVWdJRQM,
RFmrUl2-1jg,
XXkvIBNvWMU,How to tell you're in a Jamaican home
xVrJ8DxECbg,Drive Thru Invisible Driver Prank
yy5THitqPBw,Jessica Rabbit - Why don't you do right
PaD1eEWh9KI,
sC9Zm1UJ7zs,
OJfateiaasY,"Pig Head Sequence - Deleted Scene from the movie ""Who framed Roger Rabbit""+ Introduction [SUB ITA]"
XAnNvnViJpo,Who Framed Roger Rabbit: Jessica's Famous Scene
M3QTjwYNtg8,Daniel Sloss Stand-Up 06/26/14 | CONAN on TBS
NcXg_p-Yj18,The Knife - Without You My Life Would Be Boring (Shaken-Up Version)
zcerrePN_fQ,The Kids - this is rock 'n' roll. ( 1978 )
0j4OS_Bs1_4,How to Add Air to Your Car's Tires
VHoT4N43jK8,Stromae - Alors On Danse
_OM8oxZuChk,Stromae - VEVO News: Papaoutai
JDyCf4oUH8Y,Beyonce Get's Really Mad
14SWGK13txM,
CleLvQWy8-c,How to convert audio to text (mp3 to text)
BTLbR80pIqY,Heathers - Forget Me Knots
E8-WHslFhbU,compilation   the worst bands in the world
BTu0Zzf0x-8,"Godzilla Movie CLIP - Let Them Fight (2014) - Bryan Cranston, Gareth Edwards Movie HD"
_r26Dl8gqlA,Marvel's Iron Man & Hulk: Heroes United Trailer 1
XmNCl_qkAAc,Oneohtrix Point Never - I Only Have Eyes For You | HD
93CZ6oFR8Q0,Miley Cyrus covers Summertime Sadness in the Live Lounge
laLoeVDX_0A,"They Came Together Official Trailer #1 (2014) - Paul Rudd, Amy Poehler Comedy HD"
8pZi7CXE2ac,Bastille cover Miley Cyrus' We Can't Stop in the Live Lounge
QkubQCI4Fxo,The 1975 - Girls (Official Video)
XG8qATRtNuU,"The Double Official Trailer #1 (2014) - Jesse Eisenberg, Mia Wasikowska Movie HD"
jlSF0dtDRD8,Sticky Buddy Dub
PyR0gm36oOM,"The Angriest Man in Brooklyn Trailer 1 (2014) - Mila Kunis, Robin Williams Comedy HD"
jZvlGrqLbV0,Exclusive Wonder Woman Scoop - Batman vs. Superman: Dawn of Justice (2016)
Fj2AAkYUmas,"The Alchemy Index - ""A Bitter Township"" Official Lyric Video"
eYoINidnLRQ,Foals - Spanish Sahara [Official Video]
6nQCxwneUwA,Rise Against - Satellite (Official Music Video)
KyeW7-96j7U,Lady Gaga - Applause (rock cover / Tweeted by Gaga)
UFVhGoQ3iJo,How to Perform Simple Motion Tracking on Text (After Effects Tutorial)
E27Ge2rvpPs,"Nashville: ""It Ain't Yours to Throw Away"" duet by Sam Palladio & Clare Bowen"
7elxC8LXfzE,What Faith Can Do - Kutless
-1eN98huvBY,Ex-Men: Magneto
4EokaEtsT_4,LeBron Says He Would Dunk Over A Giraffe
HlD_qGBVqV8,
RVAYBINy3hA,
i2VrxrGcWl8,Future - I Won (Official Music Video) ft. Kanye West
kTxv0phIaAk,
ScJ3ur3A9v0,Fresh Prince of Bel Air: Will gets shot
_mTRvJ9fugM,CHVRCHES - The Mother We Share
a_UUKwPWj80,Chris Farley on Leno Jan 1997
LlNdnjuRUYQ,Durant Tackles Fan in OKC After Half-Court Shot
sH-vpwgaOZk,
rPFuf94om_Y,Chris Farley - Never-Before-Seen Dress Rehearsal Sketch
L_8DtS3zzJo,Street Fighter Red Tape: Dhalsim
_jdi0MWW-gw,Street Fighter Red Tape: Chun-Li
0SHjAmD3eWs,CH Live: NYC - Donald Glover
2VY1EXzeD4Y,Bo Burnham Takes Down Bonnaroo!
bDhzPA3A39M,Lil Twist - Little Secret ft. Bow Wow
58iH3HQ6_L4,
9R6Ibz31DtE,Sexy Pool Party
XIiU9zh5hf8,Kobe Bryant Takes On Teen Trash Talker!
9KV_LUA2omQ,Jake and Amir: Real Estate Agent Part 2 (w/ Ben Schwartz)
KDKy_InzCvE,BATMAN DUNKS ON STRANGERS!!
oY0a4jmkHzA,Chris Farley on Letterman 1 of 2.avi
WyPlq7p-Noc,Long Story Short - I Went to a Boxing Class
b1U6FaoCGUo,Bill Murray's Acceptance Speech: Scream Awards 2010
8qjl0l8lYZw,
VWmoSttOm_A,
Xp71hv0Hlyo,
w39-_rauFSk,Michael Jordan Rare Workout Footage: Mind of a Champion
f2JuxM-snGc,Lorde - Team
NZPZ-9qmZkk,
q_6z5FO54FY,Lil Twist - Turn't Up (Explicit) ft. Busta Rhymes
hdHFQluUjUc,Chris Farley Picking up Girls
tpZVj55-80M,
rBDaq852amw,
cJOukckENBY,
YtAqJFP29oo,BASKETBALL PRANKS!!
aKDtvrvdwao,
TJd0ZhbWYm4,
2NMpampqIk0,
Gu6xnR9kuYE,Epic Phone Fail
gNntfTDOLNo,Conan O'Brien on the Jon Stewart Show (1994)
8GfdemcL35A,
8FyP4gs0p4Q,
Fi_ly7HTSzk,NFL STAR RICHARD SHERMAN 'PUNKS' FANS ON BOURBON STREET
D8Ymd-OCucs,Lorde - Tennis Court
3oLuxhYO5cw,Aziz Ansari: Buried Alive - Black Dudes are Blown Away by Magic Tricks | Netflix Is A Joke
0Zd1hZDvJ0Y,These Are the WORLD'S MOST PEACEFUL & DANGEROUS COUNTRIES
7IoJl2qvCs8,What's the Weakest Eye Color?
bFOPwL32UvI,MC Frontalot - Stoop Sale [OFFICIAL VIDEO]
zQR6HyiNSfA,Gallium -  Where the heck do you buy it?
dZyUWLW7kEI,
e8ODm-F9-IM,Left + Right Stereo Test
bwvlbJ0h35A,"""Weird Al"" Yankovic - First World Problems"
H-kxtKGR2vY,Speaker polarity check test signal
eXiwYUCe_bY,"""Weird Al"" Yankovic - Handy (Official Video)"
s_cAS-mvV20,Air Quotes SNL
Ait1hWgXVGo,Free People Presents | FP Movement Ballet
DyO7lvzfw5Q,Dave Grohl drumming on a kids drum set
YPKKKrJF4WA,Dear Future Wife | Episode 7
7D1CQ_LOizA,Explaining Big Data
hHyWzsRRjrM,I Am King - Fallen
SCerHrqWQkQ,Jill Scott - The Way
GD9-RnX2gQQ,Raheem DeVaughn - You
yxGkLOY0lwI,Dwele - Find A Way
GKWGaApAUmI,How to stretch yourself to success
G1l2C3_5Kb0,Dear Future Wife Web Series Promo
r3QFysMth2w,"Dwele ""What's Not To Love"""
y39D4529FM4,What happens when the CPU cooler is removed?
gUFKDNC9bL8,"""Booty Call"" | Lenox Avenue - The Series | Chapter IV | Al Thompson"
Iy2ysD6W6p0,
z019ybhiQjA,10 DAY WATER FAST! HERE'S WHAT HAPPENED....
nXeXT6FGEls,"Dwele ""I'm Cheatin"" Official Video"
n3lDiA-99vI,FARM FRESH GIRL
7q0Mhg4hs4g,Dear Future Wife | Episode 9
i_qE1iAmjFg,10 Things I Learned from the jQuery Source
MTJ3gGfv4Ys,"THE DUSTBOWL REVIVAL - ""Riverboat Queen"" - #JAMINTHEVAN"
OeGGYqSQxHg,How to Make a Felt Flower- DIY Tutorial
Vq7wbuqdc1E,
wV1FrqwZyKw,Lady Gaga - Born This Way (Official Music Video)
y4yDNWlvK6s,David Beckham Goes Undercover
omii-GbYNZ4,Ellen's on Your Facebook!
3B2UHA2odog,What to Pack for Long-Term Travel
N7LLoSybjnE,Hidden Camera Fun at Starbucks
0Amn8uKIEAg,What's In My Backpack?!
2ODAgbrg8LY,Chatroulette | TROLEANDO CON MI SALCHICHA Y MOAR HAMIJOS | Ep. 7
42xK9Sxk0Yc,
8TmcvUQlJb0,
b8dIxHSxeUk,Pt 3&4 Porn Star Sasha Grey on Tyra/Pt. 3/3 Teen Prostitute on Tyra (Anti-Porn.org commentary
OvsiLwzHM5Q,
P_q7WYQRNlw,Get rid of green hair easily with ketchup!
GCdwKhTtNNw,The Neighbourhood - Sweater Weather (Official Video)
7woW7DmnR0E,TURISAS - Stand Up And Fight (OFFICIAL VIDEO)
GaYS1yRyiYo,ASKING ALEXANDRIA - Creature
XfV9AfbmckM,Black Veil Brides Interview #5 Andy Biersack & Danny Worsnop Asking Alexandria (Behind The Scenes)
Ew9RW9yngWA,ASKING ALEXANDRIA - The Road
Mj6oVhonJ14,The A to Z of Music Genres
t4mKk4x2zsg,Sunrise Skater Kids - Pop Punk Pizza Party ft. Patty Walters [DEMO VERSION]
4sRkYcY9yNY,Facial hair removal | Shaving your face
Np8-7MLt5Ro,Tahitian Traditional Dance - 3
QMD1hYuAL40,Beautiful Hula / Polynesian Dancers
CAGc0g8wggg,Dayna - Best Tahitian Dancer
JNpDG4WR_74,STOKER Trailer (Nicole Kidman THRILLER)
CmKrgPr7PA8,Journey To The West Official US Release Trailer (2014) - Stephen Chow Movie HD
jQ_a_pXG-ys,Giant Duff Beer Pong with Pitbull
3wwIEGLxlTo,
I8eUT2tgG6A,
ZCb9bYcA0xw,
DezN8YvaIe0,LG G Flex Review | Pocketnow
V2X_h351Yvs,
TNsunwfzacw,
eIJpnwstUG0,
0at9SmZG4-I,"Ghosts In Depth - Gold PDW & Gold Knife (Damage, Speed, & Rate of Fire)"
6e3dFefhE4w,
u8BA0IBXBy0,
S8qKGJg6EPA,
G_hjF0I4CGU,
caNRc1ER8p4,Shai - If I Ever Fall In Love
E2__WK-xpYs,
LkP3WiWDDr0,
iJNOaPfw-q0,WATCH DOGS PRANK (Real Life Street Hack)
D4ZF0Sj3zRM,
dWiXCPSN350,
p6gg0lf1cLw,Quickscoping in Call Of Duty Advanced Warfare?: Community Poll & Real Life Testing (Ghosts & BO2)
7ts8-ycqCik,Eddsworld - Space Face (Part 1)
TpTKCQ-CJjc,Champion Profile: Atrocitus
a-EKGXurcnk,"Ghosts In Depth - IED Nerf, VEPR Buff, CBJ-MS Nerf, & Much More!"
DnlUfPlLjKs,"Skyrim MAIN THEME! - ""Dragonborn"" - Tay Zonday - On iTunes!"
EwTZ2xpQwpA,"""Chocolate Rain"" Original Song by Tay Zonday"
N_OUYl3L9jE,Ghosts In Depth - Wall Running & Water Running Myths (Run faster against a wall!)
U0-i2jzIS-g,
oa4pPaVxMbQ,
3Wj8Yxa309E,Guy - Let's Chill (Official Video)
72f-pGh1dec,
h4mjAOgHLvU,Blaque - Bring It All to Me ft. *NSYNC
U6ViKuXd5qQ,* Parallel and Cross Cousins Explained
nmrHGVntYKc,
zh3OkAZIJyI,
Z624-klw1l0,
sdb6NP087gY,
tdwPeNyKokM,SMITE Tutorial - Conquest
lggH6a0o56c,
gotEw1JrByY,Justin Bieber - Bad Day (Official Audio)
QRtP352ua7s,Mateo will drive
iFvqdbCT9Og,Gold Glitter Cut Crease + Brows
Y1RLFoNm7sI,Louis Mattrs - War With Heaven
iWACgp6KGYQ,Lil B - Hoop Life *Music Video* CLASSIC AND VERY BASED
MYg1zanAukU,Electric Feel (MGMT Cover) - Josie Charlwood - BOSS RC-30 & TC-Helicon VoiceLive2
6CAnZpPCXFQ,May Favorites 2014!
dF_iBT4KgvM,Smouldering Smokey Eye
5ZzqZAUo6e0,The Perfect Hairstyle For YOUR Face Shape.
Z6N6rGIfK2g,HOW TO: Cut crease eyeshadow tutorial
Xu4iMXXrquU,Slow Magic - Moon
hgLzsNmtPXk,EYE MAJIC- DOES THIS THING REALLY WORK?
0h64D81qdBE,How To Apply False Lashes: Strip & Individuals
OYfoGTIG7pY,The brain in love | Helen Fisher
gtP1eyF8LgI,Prof Frink's Tomfoolery
hn1_BIkfbjo,
UAsTlnjvetI,Young the Giant: Cough Syrup [OFFICIAL VIDEO]
7lLc_l152a4,Makeup Tutorial - Naked Palette
jZ8UzKSgukg,RPG Maker VX Ace Tutorial - Opening cutscene with naming and class selection
9ogEGxsJcSY,"Breaking Benjamin Burnley GIVE ME A SIGN House of Blues Atlantic City, NJ 7/10/10"
aWeQkuzI2WU,Lil B - Katy Perry *MUSIC VIDEO* MUST WATCH!! EPIC!
9bhkH7mtFNE,
iTDsqmAM3Kk,RPG Maker VX Ace Tutorials - (SE02 E15) - Battle Events
Mc1FvrL4EqA,Shissou With Guitar Riff (Japanese Version)
VcP96KbFIIU,Ja Rule - Mesmerize ft. Ashanti (Official Video)
f9ee-QmY46c,Bronzey Smokey Eye Tutorial: My Wedding Makeup!
w7PbwlAnneA,My Top 20 Favourite Anime Opening Songs
_DLA8Be7P9w,Ciara - Sorry (Official Video)
8rH0Kg49atM,No Makeup Makeup | My Go To Travel Face
qKzH6pRfzoU,Ruby Frost and Mt. Eden - Oh That I Had
7b2aC2bhWLA,Banana Powder : What is it and do I need it?
bhdVV58l0vA,Friendly Fires - Hurting
rJABBmAMXnY,Lana Del Rey - Shades Of Cool
EHL3QS5zrDM,Japanese speaking Arabic - AMAZING ACCENT
JRwjdJVyHkA,Matt Nathanson - All We Are Lyrics
1Uw6ZkbsAH8,Coldplay - Princess Of China ft. Rihanna (Official Video)
lkeSLBQ3oaA,Arabs Speaking English - HILARIOUS!!
q67_o3levYY,Sam Palladio and Clare Bowen Talk Nailing Their Nashville Accents
k3M0jY9PQOU,
eHQkaH4J4Ps,Rixton - Make Out
trVzyG4zFMU,"A year offline, what I have learned | Paul Miller | TEDxEutropolis"
0qSHIxyCBnM,Disney's Maleficent - Legacy Featurette
bu24uEAEpQU,Theluanlegacy 2014: Prelude
4CDkJ5zrTR4,The Michael Sam Kiss - The Sunday Service Highlights
mZaQNLk61MM,
_pgmFAOgm5E,"Disney's Maleficent - ""Dream"" Trailer"
c1sS3fLOJFg,"""Awkward Situation"" Clip - Maleficent"
9JVZEX0sRjE,
C1Z2BkZaOQc,Kurt Cobain on Identity | Blank on Blank
b0fZB55JOuo,
ALGi0tcFCcw,Johnny Cash on The Gospel
k7X7sZzSXYs,How To Be Alone
YSHnnPunShg,What Guys Look For In Girls
W2azO25JtFo,Kansas - Play The Game Tonight (Official Video)
L6kAE06mJAQ,True Facts About Baby Echidnas
ipiOezQJ5wY,NXT The Shield and Adrian Neville segment
CswXANTpH4o,Girls Answer If Size Matters
TUFyHScZWEY,"""The Smiling Girl"" Creepypasta"
Yt6e53kClkw,More Amor ft. Ryan Ross: Beach Bones
Q0CAfoBm17w,ASKING ALEXANDRIA - To The Stage (Official Music Video)
b3B5ju7Qsm0,INSTYLER- DOES THIS THING REALLY WORK?
rFFW7-D3azo,My Chemical Romance is EVIL?? Gerard Way Interview 2011
BgELH5K_30A,Rhett & Link REACT to Kids React to Rhett & Link
QRoPFl2OROg,
ffV0rW8LUzQ,historias feederism volumen 4 PARTE 2
7QJeveJV_xk,My Little Pony Hair Experiment
zouSojyIi94,Panic! At The Disco: Northern Downpour [OFFICIAL VIDEO]
fJ0zSDPqNuY,10 Crazy Things Swallowed By People
07Jg_tQ1ltg,The Last Twinkie on Earth
qSrGZIt0VTU,
XTZuEibIyZE,IRISH VS. AMERICAN | (Feat. BriBryOnTour)
AD0Sy_mSXS8,5 Seconds Of Summer 'She Looks So Perfect' Cover
RbaeIQUOOVo,
AxKCPbvvguA,CHARLES' NEW GIRLFRIEND! (vlog day 127)
glkJ8Li3_CY,
62XM-q5lxBk,Kids Interview Bands - Twenty One Pilots
0xDf-_8KvGM,Panic! At The Disco: Ready To Go [OFFICIAL VIDEO]
BGrsXAoBFMs,Tyler and Josh: Happy Wheels Adventure
dfkvTipwJ_U,Should You Sneak Food Into The Movies?
yt2txqEriJA,CURL SECRET- DOES THIS THING REALLY WORK?
Gp_8lUiZqFg,SCP Contaiment Breach pt 4 0.7.3 |  SCP-008 Takes over
9xxt-E4EMQg,MY GIRLFRIEND DOES MY MAKEUP
Ghv8qzn47mw,"Panic! and Twenty One Pilots prank Fall Out Boy - ""I'm Like A Lawyer"" - Save Rock And Roll - Tampa"
Fzz_rU8dCVo,Panic! at the Disco's Brendon and Spencer Talk About The Band's Breakup & Dennis Quaid at SXSW
wfvEgWINUFc,Birds of Britain
gOgpdp3lP8M,Panic! At The Disco: The Ballad Of Mona Lisa [OFFICIAL VIDEO]
LZoO8LyizLA,My Whole Family...
ws8Azfy0dsQ,E-Expansion
cXdnJNX8x9o,Fall Out Boy take The Stupid Interview and indulge Patrick Stump's armpit fetish
yS8DaJvbEgw,
gY5B7exiLT4,"Fall Out Boy Interview 2013, Part 4: More Naming And Shaming!"
L3D0jMIOK_c,Thigh Gap Surfaces as Teenage Girls New Image Obsession | Good Morning America | ABC News
9oX9PZOwdPU,JENNY'S SECRET HIDDEN TALENT! (vlog day 26)
ItYEJG_9GyY,I'm Pregnant with Baby Glitter
BSTudUv4sZ4,SCPCB: SCP-173 meets SCP-914
Y-KEmlVWkcQ,Special Compilation: My Favorite Vines by Dallon Weekes
Cl_isWwDRrQ,
NpD-c7s0kgw,EUROSEALER- DOES THIS THING REALLY WORK?
dvd17qSGs0U,RIP Andy Six =( Black Veil Brides Interview 2011
Rz-n-iRmrLk,
9qo_abdWSo8,HOT DESIGNS- DOES THIS THING REALLY WORK?
uu2XSQgdQDY,Panic! At The Disco: Let's Kill Tonight [OFFICIAL VIDEO]
XkrNweo_EMk,3 Weird Ways Olde Tyme People Got High
6Lp1an5viaU,WHEN I DIE!? | MattG
rmGjxbpw-Z0,(part 1)twenty one pilots: Vessel Track By Track Video Comm
J6R5KQ8b4lQ,Street Poetry With Twenty One Pilots' Tyler Joseph
WeUZy2aI11M,
XHysFZ-pLWI,JUGGLE BUBBLES - DOES THIS THING REALLY WORK?
S5uul98UVbI,SO I PROPOSED
VhMU_F3arSA,
FpG--q5u6ns,Tank - Shots Fired  ft. Chris Brown
B_f06VQOkI4,"Occupy Cal video: Police brutally beat, arrest Berkeley students"
M82wF72RAAw,The Most Amazing Optical Illusions on the Internet
wO89_H7GqaQ,
LDpK-hEK9qs,
B1Gl7qREnbg,
e926p_3UXes,My Parents: Opposingly Supportive - Ep: 3
Z7pGhgm2M60,25 Douchebags and a Gentleman - Ep:18
yuU9WvBoAsw,The Unavoidable Invitation - Ep: 22
jucS6hxGMMw,Moving On - Ep: 50
jZebtZPbzHA,Wickham Story Time - Ep: 45
8bPnUYil7Eg,Anniekins - Ep: 54
EG5VOu_hME4,
F7EgCMBYAgY,Snickerdoodles - Ep: 48
esUyfCYDJwM,How to Hold a Grudge  - Ep: 74
PVz6o7x_OTs,Staff Spirit - Ep: 59
pdw1EvRyI6c,
9LdEPWt0R60,An Understanding - Ep: 87
97SJYdxQPcg,Consequences - Ep: 85
cZqL4ux1Yq0,Are You Kidding Me! - Ep: 60
k90qMr3Sstg,Ugh - Ep: 84
CdT1DRAoBKc,End of the Line - Ep: 95
Cqn9hj1FQnQ,Swimming with Scissors - Ep: 17
SjxwyaGB-pY,Lydia vs Mr. Collins - Ep: 37
znPXDCxKzjE,Turn About the Room - Ep: 32
DRmtO2R4IIQ,Leftovers - Ep: 68
GpuWZxwPW0o,Whisper 197 ~ Binaural 3D Whisper
9jFDJqoaWEM,
BrPen-GwIuA,Revelations - Ep: 94
7XyCZwD0KP4,Friends Forever - Ep: 42
Kh5AcIAP6iU,The End - Ep: 100
O_VggVYMg9Y,Special Delivery - Ep: 97
WRR6Ft4uWLI,Proposal Fallout - Ep: 40
v3nUxHf-BuM,Checks and Balances - Ep: 82
jV8EZWJNvRI,The Lizzie Trap - Ep: 78
jIDrWqN5fAw,Summer Friends - Ep: 69
jd7vv5FomTE,Okay - Ep: 88
QTS60Gll1HQ,Letter Analysis - Ep: 62
rKr1KWax6VE,"Lizzie, Come Home - Ep: 34"
hU6nVwRPcp8,Vidcon Interruption - Ep: 25
9q9il_51oZI,Mr. Bennet's Christmas Train Extravaganza - Ep: 71
pCaUHUQ_5WM,Robot Surprise - Ep: 55
45q4cggTil8,Enjoy the Adorbs - Ep: 20
9ncnZjwF50k,Gratitude - Ep: 98
y_nAjTphbzA,Sisterly Support - Ep: 86
2KjOskZJEAc,Bing Lee and His 500 Teenage Prostitutes - Ep: 4
W4QvwU14K1U,New Jane - Ep: 70
Z6z1-LQp_Xs,Dr. Gardiner's Seminar - Bonus 1
ce_URjhJ3Xs,The Green Bean Gelatin Plan - Ep: 19
6RDFZij8zuw,Tale of Two Gents - Ep: 38
lMa5Oi44SwE,Together Again - Ep: 51
hSo_ND41-6g,How to pronounce Eyjafjallajokull (a message from an Icelander)
KxoMF_BLcWg,Watch Dogs Direct X 11/10 Fix (how to run Watch Dogs on direct x 10)
9U4Ha9HQvMo,Breaking News: Some Bullshit Happening Somewhere
elERNFoEf3Y,Ancient Greek Music - The Lyre of Classical Antiquity...
CcRC19Wusf4,"VICE News Daily: Beyond The Headlines - June, 6 2014"
Uk8x3V-sUgU,RSA ANIMATE: The Internet in Society: Empowering or Censoring Citizens?
IiGhALxbtK4,4 Disney Movie Villains Who Were Right All Along | After Hours
pi1bDAPxoWY,Change The Way You Look At Introverts
HPkRTC386MM,Iron Man 3 - Deleted Scenes: Hey is that Thor?
eVm6ziFL_eg,Top 10 Animated Villains Excluding Disney and Pixar
hpAMbpQ8J7g,"RSA ANIMATE: First as Tragedy, Then as Farce"
yqYoif-9c64,Colombia's Coke-Smuggling Submarines
zVE052V0ung,Ancient Egyptian Music - Lotus on the Nile
OJpopKXJa0w,Billionaire Warns Pope Francis
Kye2oX-b39E,Death Penalty: Last Week Tonight with John Oliver (HBO)
gc9vSJhb5PE,Nazi Propaganda At Heart Of Wolf Blitzer Take Down Of Ted Nugent
OdRJc1KSj1A,6 Beloved Christmas Movies With Horrible Secret Meanings | After Hours
oBcFqyd3h2U,James St. James and Bianca Del Rio: Transformations
Ds2-XemttBA,Disney Infinity - MULTIPLAYER - Part 2
XUPa6WVrJvQ,Why were Al-Jazeera journalists jailed for 7 years in Egypt? BBC News
D4ZUZjo8-30,Japan doesn't outlaw child porn images in Manga comics - BBC News
ShYJ5IT_3n8,5 Simple Life Hacks Part 5
jnG1UvTD3qM,Blasting a mountain top to build world's 'biggest' telescope - BBC News
ZJ8Zdj0OPMI,
cxPt2bOZs14,Iraq Crisis: Gunfight to keep militants at bay in Jalula- BBC News
jkmeW9SfM_c,X-Men First Class: Locating Shaw
c3IaKVmkXuk,"Tony Abbott, President of the USA of Australia: Last Week Tonight with John Oliver (HBO)"
xxkcwdjBSW0,bunduda gostosa andando
fJVhYn5dvFE,Anna Gunn wins an Emmy for Breaking Bad at the 2013 Primetime Emmy Awards!
fpDZeFip53Q,Jennifer Selter - GYM - Jen Selter
dxytyRy-O1k,
ynpad-meS2E,Breaking Bad wins best drama at the Emmys 2013
NUkjfd95bDM,World Cup Excitement: Last Week Tonight with John Oliver (HBO)
SAqWiv0AJic,
aYPpSiD6sTo,Balotelli Celebration
FFBdAE31otQ,
JVfVqfIN8_c,N00b Boyfriend
vKgtvYS6YVo,
tPUgZlN6cdA,The Roast of Mario (featuring Patrick Warburton)
mr51afj7eJY,"Blurred Bynes by DWV (Detox, Willam & Vicky Vox)"
zmpt4T8Hyic,Photoshop's New PhotoBomb Tool
rVfIBlj3brk,
tsb6vPAs9ec,The Octonauts Adventure The Missing Octopod Key
i5VY-tGoyv0,DIY Room Decorations for Cheap! + How to stay Organized | MyLifeAsEva
CS7xDS24GGE,Dangerous Wands
FMEe7JqBgvg,Internet Bridge Troll
bOGBH3A8Bhc,Can You Waffle It?
yc86ZXFsriM,
Ocj_sGKFOIA,John Stamos' Guide To Cuddling
8pNgCRA5fYg,
4MM3KkF5urY,March of Shame
PNSk6tc4Nw0,Gay Women Give Dating Advice
uN-ZMZZi5hw,"Gaycation by DWV ( Detox, Willam & Vicky Vox )"
YjZR1Rjj_p0,Drunk History vol. 2 - Featuring Jack Black
YJ_6MF9eayM,
XGK84Poeynk,"Symphony of Science - 'We Are All Connected' (ft. Sagan, Feynman, deGrasse Tyson & Bill Nye)"
UKHUj9feVn4,"I'm A Juggalo, Not A Gang Member: ICP, ACLU of Michigan Press Conference (Extended Footage)"
kEIH65Kyn7M,Inside The Gathering of The Juggalos
my9mjd0BTyY,"Insane Clown Posse Watch Macklemore & Ryan Lewis ""Can't Hold Us"" - ICP Theater"
BnJ61_BxAYw,
450p7goxZqg,John Legend - All of Me (Official Video)
qf9CtP5_SOo,Red Eye On FOX News - ICP - Insane Clown Posse
EvhpOQHVZpM,How to Pool Mine Litecoins With Your CPU and GPU
SeInoAOh2lI,Watch Dogs -  Hacking Featurette
qF6EVk2yHTk,Fantasia - I'm Doin' Me (Official Video)
xc0CB6URrV0,Best Street Party Ever - Parents Yet To Find Out
TBIL2sdfoVc,The power of seduction in our everyday lives | Chen Lizra | TEDxVancouver
XWJrPzAUzAs,Shaggy - Angel ft. Rayvon (Official Music Video)
kCpjgl2baLs,
kbNAMStU4o0,Nardwuar vs. The White Stripes
mZxxhxjgnC0,Bikini kill - Rebel Girl
ySBaYMESb8o,Imagining the Tenth Dimension part 2 of 2
vVsXO9brK7M,How to know your life purpose in 5 minutes | Adam Leipzig | TEDxMalibu
BLcdsIDatLA,Joanna Newsom - Cosmia - End Of The Road Festival 2011
zYcDg1ZCbMI,Nardwuar vs. MGMT
xWIKQMBBTtk,Gotye - State Of The Art (Official Music Video)
YAOXleXf9yY,Group X - Mario Twins
2r2eQaJmeUA,Latarian the Hoodrat still likes to do bad thing
mPy2ajsRuDE,Dirty Heads ft. Matisyahu - Dance All Night (Official Music Video)
86x-u-tz0MA,Your elusive creative genius | Elizabeth Gilbert
xxvyTdSBou0,Robert Downey Jr Funny Moments 2 Part 1
FZ2tMSQcBr0,How To Double-Sleeve Your Magic: The Gathering Cards (AND WHY!) MTG
uMQVCxbmtNI,My Drunk Kitchen: ROUGH NYC CHEESECAKE
LTOoM1TdGnY,Netrunner LCG - Game Cafe Regionals 2014 - Game 7
1IktMaZjDRQ,
E94751B3Kg4,"Tanto Cuore: Ashley Johnson, Colin Ferguson, & Ryon Day Join Felicia on TableTop [Livestream]"
o84jevHcwRI,Innovation Review - Starlit Citadel Reviews Season 2
eUNuXGw160U,Product Review! KMC Perfect Size Sleeves!
tLYNxYnWoZc,Android Netrunner Review - with Tom Vasel
gdiyyt3WaHs,Boss Monster Review - with Tom Vasel
gAYL5H46QnQ,Threw It On The Ground
NIY37KZJluU,Android Netrunner: Core Set Strategy Intro (Strategy Segment)
wea-A8Lgjxs,25 Worst Halloween Costumes Ever!
WUsEqM4EH2A,Top 5 Board Games to Play Solo
KGLQ7P2vKps,
dSg408i-eKw,"Magic TV: Extra - Dr. Richard Garfield on ""Luck Versus Skill"" (Magic Cruise 2012)"
nWHgnVmzPdk,How to Shuffle Like Brian Kibler (kinda)
PQeMvJg7svw,Netrunner LCG - Game Cafe Regionals 2014 - Game 2
w-aAeIZSNWw,MTG - Which Are The Best Card Sleeves? Monster vs Legion vs Player's Choice & More! Magic Gathering
BP3owpVBK4Y,Netrunner LCG - Game Cafe Regionals 2014 - Game 12
itanS9jzQZs,Android: Netrunner Fullmer vs Flanzer Game 2
U-rOGGiJTQY,Day[9] vs. Bobak Ferdowsi in Magic: The Gathering: Spellslingers Ep 2
d9FR-Z3ExWs,Boss Monster - How To Play
dkV8qIfiIZk,Spring Exhibition 2013 - Netrunner LCG - Match 1 - Game 2
970qMcmjNSI,Instagramming Strangers' Food Prank
pZlcgqEI708,Data Tokens: The Next Dimension
hbq7r0LgX6Q,Eminent Domain Review - with Tom Vasel
ppkcyMUYKME,TJ Miller's Brain Made Him Go Crazy
ReGfd_s9gXA,Chemistry Life Hacks for Everyday Problems (Vol. 2)
zhT0NpCphfg,Dan Telfer Stand Up
00WOao4kpwM,Hearing Cochlear Implants w/ open captions
NrcOge6pMhg,Seth MacFarlane's problem with Jon Stewart
X5Rcsc6A4zg,The Awkward Moments When Your Body Fails You
SCUc3U8WVMo,Great White Shark Attacks Inflatable Boat! (Exclusive Video)
RdTsvxRhyEU,Humans Are A Dog's Best Friend
rIr091-LMGY,Guys Do Their Girlfriends' Makeup
381belOZreA,Childhood Gender Roles In Adult Life
ItRm7p3mL88,Things Disney Characters Do That'd Be Creepy If You Did Them
ZQxirOH1YEE,Surprising Kids With Giant Versions Of Their Favorite Foods
5g4ayKtbqUg,Things Kids Do That'd Be Creepy If An Adult Did Them
JHimZseDg6A,7 Everyday Struggles of Being Unathletic
yt3eBmIOn0U,Signs You Grew Up As An Only Child
VT1AtAjAiAM,
JCpLerLKD2k,Cheap Beer Reviewed By A Wine Expert
vmC1wPpEHek,12 Signs You're An Introvert
q6GWyA-AzpQ,
JIDaMj1VczM,7 Animals That Prove Australia Is The Scariest
8UTdQxsvB58,7 Things We Wish Dad Would Stop Doing
XUATUkdFLnU,Change The Way You Look At Women
gVJ2_qP7FN0,5 Weirdest Websites on the Internet
ohlWm6pJLgE,Weird Things You Thought Only You Did
AQP2o7iqdxc,Girls Explain The Best Parts About Being A Guy
S1G4VmWpviE,Things You Go Through After Being Dumped
wbrbrzT56pU,Are You Smart Enough To Get These Nerdy Jokes?
4F4xPUwWt48,The 6 Best Places To Live During Your 20s
K7_IcR5JnSs,Change The Way You Look At Buns In 90 Seconds
wVGLtLBWcAc,Perfume Expert Reviews Cheap Scents
YaS9RuMFgA4,Times When 2 Isn't Better Than 1
YLWmjpPoJHk,Internet Privacy Prank
sSrAgJ17nyI,Film Photography Explained To Modern Kids
AfNcU6R1kPA,Odd Moments When You Have A Cast
XSp0jbaSBZs,15 Secret Siri Commands You Need To Try
9sORv1odSyQ,Things Girls Do That'd Be Creepy If A Guy Did Them
F4G74kprBK8,20 Most Useless Inventions Ever Made
o2kmLjq0bt4,Thoughts You Have On A College Tour
LaB4R8SEOME,5 Explosive Ways To Destroy Your Microwave
FVUNdLtwOGA,Thank You Mom (For Not Making It Weird)
PG-xzJZctKU,Oh No You Didn'stagram
Q96bwHVb6UI,12 Revealing Facts About Your Underwear
bYm1GQBgHNk,Why Disney Princesses Make the Worst Roommates - Disney Parody
CGMAv-aVHNI,That Awkward Moment When...
spBu7cc0mME,14 Sex Facts You Won't Believe Are True
66nPiXVhK18,Is Being In Shape Even Worth It?
mfpKSbLNdrE,14 Horrifying Confessions From Fast Food Workers
gkg-KZ55SBQ,The 7 Things You Should Never Say To Women
Hab-qTUZD6s,6 Health Lies You Probably Believe
Dxoe-F1eQoQ,Middle Class Problems According To Twitter
TvaoNc819e0,Taco Bell Secret Menu Items You Need To Try
TvE1z7ujQ4s,Guys Explain Girl Beauty Secrets
cVS2PTnSs1c,12 Worst Inventions of All Time
CYDPVtWf4GM,17 Things You Hated As A Child But Love As An Adult
uW1bumDeDEk,
Sf9eZwi0Hig,The Case For Going to the Movies Alone
k9bvzqVxEWE,11 Weird Body Part Words
PIA--g_OTAw,8 Things You Learn To Appreciate After Moving Back Home
WvX81YyC7sY,Facts That Make You Wanna Dance
q9IQTUKibHI,6 Legal Things That Should Be Illegal
6V2F_vF9mvg,Have You Peaked?
_8rM_Dnnf_o,Seventh Grade Makeup Tutorial
wqkN8uSX5dc,Breakdance Battle - Vibrations Urbaines Final
nHrTnp4rUQI,
oiTbd0KG7Dc,"Chachi Gonzales, Les Twins & Smart Mark | High Pressure - SoFly | #Worldofdance Exclusive"
xk76oozi1Vg,
AfvBV6_bDUw,
IYjvfCtjUOU,Middle School Makeup Tutorial!
8JvRTrdBYgY,Back to School Makeup: 6th grade
jaTHyoRSRLI,How to Fix Laptop DC Power Jack | Repair Charging Port
_pcvjArh9bM,
eU3vqkPFJi8,
eb287uFgd7w,Bo Burnham Replaced Pitbull
IdTPwziETx8,"Lake Street Dive Plays ""Dedicated To The One I Love"". HAPPY HALLOWEEN!"
kELt1iqHwfY,"Lake Street Dive ""Got Me Fooled"""
BZyYZAEHZr4,Bo Burnham- Oh Pitbull (front row HD)
iEuGdYpmIP0,Celia Stands Up To Tyra HQ - America's Next Top Model Cycle 12 Episode 4
ZiSFZP1Mv_I,ANTM S03E08: Yaya DaCosta
HIPJrrQlxzY,The Six Girls You'll Date in College
--9dU-MdmC4,Jennifer Lawrence Funniest Moments.
NtB1W8zkY5A,The English Language In 30 Accents (Animated)
mSYz8WCfbfE,High Tech Wallet (Graft Leverage i5 Unboxing)
QRzgEsNMDac,
d32577Hom08,Donald Trump vs. Rosie O'Donnell
plXv4JLwHuo,
USVWftGPgGk,
oozQ4yV__Vw,"Phillip Phillips - Gone, Gone, Gone"
T9p8aUQTq-M,
P-enHH-r_FM,TEDxSF - Scott Hess - Millennials: Who They Are & Why We Hate Them
1lBdlh3AGSc,How To Use GIT and SourceTree - For Beginners
tAssJdrnDjQ,
M4IjTUxZORE,Millennials: We Suck and We're Sorry - comedy sketch
U0uP-eJ0jCQ,
y8AWFf7EAc4,Jeff Buckley - Hallelujah (Official Video)
HdWgFuoFSSw,
NamvX5IozJk,
YtC92pzp5vw,Ciara - Goodies ft. Petey Pablo (Official Video) ft. Petey Pablo
iMhR_sUyBiA,Jamaican speaking Japanese
jtQ-cUVEOQY,How to Say No: Moral Maturity (1951)
sLCHg9mUBag,Walt Disney's E.P.C.O.T film (1966)
qZJUwQgKG0o,Knotts Berry Farm Silver Bullet (POV Front HD) Roller Coaster
UxYvICy29Pg,How Do You Know It's Love? (1950)
97H6H3zIekc,How Much Affection? (1957)
RNwoAVyu8Uc,HE-MAN GAY
1WH4NWbPABw,What to Do On a Date - 1950
_cUkzVwUmD8,
yYU9z4zvSG8,An Abandoned Disneyland Attraction - Forgotten History!
eVXqocPAz1k,Witchy Woman - Eagles
6lPQe39Oj2g,Are You Ready For Marriage? (1950)
CQXg-ng_osM,Seven Ways to Discipline Your Child | MisterEpicMann
QJ9lNRAjTQM,How Houdini DIED (in Slow Motion) - Smarter Every Day 108
GAAZSdQrIwQ,AR-15 Accessories: Do's and Don'ts PART 6
QjKeX3_4RGw,
KvErey26Bj4,
3PoMeL1mCak,Police Chase: Suspect tricks police by taking off coat and walking away - 10.02.13
GDj6Wc6iIDc,"Battle of the best FEMALE DRUMMERS in the world, ROUND 3!"
q362H-xg0ZA,Most Tactical AR15... EVER!
qdsTUfDTEhQ,T.I. - No Mediocre ft. Iggy Azalea
j5-yKhDd64s,Eminem - Not Afraid (Official Video)
L86Htqu1Zzg,DIY How To Make A Concealed Carry Holster For $5
W8dNb_Yr83o,How to make Windows 8 Even Faster (Updated for Windows 8.1)
2XvDb37qIdg,Curved TVs: Explained!
KoFR3gKSXYY,Vector Marketing Is A Scam
rEdfsYFlpKY,Airbagged Trailers - Remote airbag control
BjMfdzjbl_Q,Unlocking The Truth last performance in Times SQ.   6/23/13
I7408V8bx_A,Homemade Exploding Target - Part 1
NlmezywdxPI,Eminem - Survival (Explicit)
V0bGcmWRHUk,How To Make A Cheap Digital Projector From An Old Laptop
DFNW7VSkUN4,"Studio 360: Unlocking the Truth, ""Escape"""
fO4ieE6dfSw,"How to Install iOS 8 Beta on iPhone, iPad, & iPod touch for FREE Without Developer Account"
1WPgFA9mYaI,
lX3bC0DktZo,Comfortable Armor? SafeGuard STEALTH Test and Review
IQVFAvt7kVc,Heart Shots are Inhumane - Rage Hypodermic
vmPL1K9ucgQ,
zzyizp74VTw,
dSp7CipN1pw,
HaHokQ5EWv0,Exposing Fake/Counterfeit USB Drive!
dkz0OOe2Y10,17 Year Old Teen Bodybuilder Flex Update At 7% Bodyfat
HxTahS46yrs,
D0JrJdEOxy8,Ninja Gym 2012!  (Training gym for free running / parkour - beginner through advanced)
XKfm723mISo,
5fu2SKK8_hs,iPhone Best Accessories! (iPhone 5S/5C/6/6 Plus/6s/6s Plus)
qH8o9YVvvAU,
dO-r-i8V0UE,Watch Paul Elio on Fox & Friends!
5cLU7mS8zT8,My Elio Motors New Designs for the Elio New Concept Car - 3 Wheel Car 2015 Body Wrap
T0qAjgQFR4c,
4dhSYDZy2Yc,76MM HELLCAT TANK DESTROYER!
rk2fK2IIiiQ,Learning to Program in C (Part 01)
EsbEVV1-0BM,Review: Zombie Industries Bleeding Target
e4mD93c-ZdQ,
rB5qCQo12PI,Barry Cooper vs the idiots at fox news!
4Ik0Jvr-Ht0,The Most Bestest Handgun Caliber
cuXIOWgGnlg,How To: Convert iPhone 4/4S into iPhone 5
71EeTKBEoQk,Samsung Galaxy S5 vs Apple iPhone 5s: Fingerprint Scanner
hjoaO5IL8rg,"Tactical Walls: ""Hiding Your Guns in Plain Sight"""
isgAGIylCoQ,
uuulql2u37U,"DFU Mode vs. Recovery Mode - Which is Which? and How To Enter and Exit? (iPhone, iPod, iPad)"
zPeT2W1SHoc,Barry Cooper Discusses Losing His Son In Police Retaliation with Judge Napolitano on FOX News
27n9HMrQSQM,
lQRktJtrgHs,Watch the Elio make easy work of the snow!
fM2EMCuq7cU,Making computer faster by upgrading virtual RAM
vjNV2e11Klg,A Very Bad Day!
pvGdndOvh_Q,Product Review: Impact Seal Reactive Ground Bouncing Target from Do-All Outdoors
P4JN0LjCpVk,Unlocking the Truth & Joey from Symphony Of Malice
xX-4e9sLSGo,AR-15 Accessories: Do's and Don'ts
2UT_SsuBYXc,A Crowded Bathroom | Stupid Stories Ep. 3 | MisterEpicMann
lNcqW3QsH4I,Battle Vid: Cortana vs  Siri
FhtYIAxLl8g,Windows Phone 8.1 Cortana
YFweSyEQiv0,Cortana answering tricky questions [halo references]
1Zw5InsWfEE,
bm30B7uaP0s,
3BlENFUffLs,Best Tomato Cages to Grow Tomatoes Vertically - The Texas Tomato Cage
yRwXr2F-qXE,
QrHpcigR_xg,
NuJbZ8B46oQ,
paRc_n4uB8s,Google LG Nexus 4 E960 Digitizer Only Replacement Repair  (No LCD Change)
46Y9m81AMkA,Dance - Danza - Coreografia - Carmen
HifOWpQsuhM,Carlos Saura - Carmen (1983) 3
fBefsNiLrhg,Antonio Gades - Farruca (1969)
p98d8yiTqeI,Yulia & Riccardo Samba WSSDF 2010
q0htEqpnKUE,2012 US Open Swing Dance Championships -  Classic Division Champions
BLjoWjCrDqg,How to Use a Portable Fire Extinguisher Training Video
xdeFB7I0YH4,Ke$ha - Crazy Kids ft. will.i.am (Official Video)
JRfuAukYTKg,David Guetta - Titanium ft. Sia (Official Video)
DOY1hmZIplE,
r_0ulNpvrRU,Sia - The Girl You Lost to Cocaine
vXz4Zh9MIuw,Adam Scott Is A Movie Trivia Rainman | CONAN on TBS
JtfCUAppExw,Keegan-Michael Key On Obama & Angry Black Wives | CONAN on TBS
AlhJKMXU7tg,[Old] Game Boy Part 2 - Did You Know Gaming? Feat. Jake of Vsauce3
RILNN7QaqVw,The Guy Who Likes Every Sports Team
_GREWc_iJEY,Sexpectations
_tT2_76ZcSU,"Seth MacFarlane's ""Ted"" R-Rated Teddy Bear Malfunctions | CONAN on TBS"
v5kPDr_gLgk,Nerf Gun Control
hlLCC_gF8QY,Spandau Ballet - Only When You Leave (HD Remastered)
u1gerKZm9c0,What's Stewie's Reaction To Seth MacFarlane's Oscar Gig? | CONAN on TBS
iWOyfLBYtuU,Florence + The Machine - Dog Days Are Over (2010 Version)
tg3jPdSuRIE,Childish Gambino - Not Going Back [LYRICS]
b9upM4RbIeU,Brittany Snow Trained Her Dog With A Cartoon Voice | CONAN on TBS
kmjp8NDBIsQ,Little Daylight - Name In Lights (Lyric Video)
uhYMVwn3pJw,Bob Sinclar - Cinderella (She Said Her Name)
VY-dUI_0YWM,Gama's Sketchbook - Worth Your Time!
w9_isl1jjHc,Regina Spektor - You've Got Time [Official Audio]
EI7-5_UA6ZU,Candy Crush Heavy Metal Saga! - Key Of Awesome #86
zT1CKQAbZwc,POV: New Pope
ULhBP37gpx0,"Ashley Greene Gets Bizarro ""Twilight"" Fan Requests | CONAN on TBS"
QL7IL42MQ1w,[Old] Game Boy - Did You Know Gaming? Feat. Jake of Vsauce3
UVeimNmGpvM,Kristen Stewart Is Tired Of Crappy Girl Power Movies | CONAN on TBS
5rkYl6skdxg,"Level 48: 2 days, 5 games & Skype on Xbox One"
tl2uU1oVRCA,Becky G - Problem (The Monster Remix) ft. will.i.am
LRhdhAB9haQ,
AR8D2yqgQ1U,Spandau Ballet - True (HD Remastered)
1nYlDYKoY1Y,Kanye West - Monster ft. Nicki Minaj Parody! Key of Awesome #33!
9IL9Omfh0hU,Isla Fisher: Everyone Thinks I Do Coke | CONAN on TBS
YZTtN5f6jR0,Skyrim - Did You Know Gaming? Feat. Boogie2988
z8jEeZLOdSs,Adam DeVine Is Oozin' Out Of His Spanx | CONAN on TBS
uX_i5-uB_HY,Harvest Moon - Did You Know Gaming? Feat. PeanutButterGamer
3taEuL4EHAg,Ke$ha - Blah Blah Blah (Official Music Video) ft. 3OH!3
6eVOg5NrsC8,Boy Talk W/ Timothy Delaghetto
1wB_nrneg5k,One - Pmac (OFFICIAL)
vjECLpQIo1k,Just Friends (Original) By Nick and NJ
FeyMSn7PW3Q,
eDv2jO19Zd0,
FigOYn0iX2I,ebrahim: frank ocean - swim good (acoustic)
f6PKFVb7KCA,Top 10 Cover Songs
GIQn8pab8Vc,
YVw7eJ0vGfM,David Guetta - Turn Me On ft. Nicki Minaj (Official Video)
q4EiBFUpFXg,Bone Thugs-N-Harmony ft. Akon - I Tried (Official Video)
tg00YEETFzg,Rihanna - We Found Love ft. Calvin Harris
psuRGfAaju4,Owl City - Fireflies (Official Music Video)
wrNTOo4KH8c,Ellie Goulding - Beating Heart (Official Video)
WIL9wVBlfYQ,Girls In Movies Vs. Real Life
nzkp9NHYv-o,What We Say Vs. What We Think (After The Bar)
7iKRHJAJdsI,Weird Facts About Women
X42SZ2Oyq00,Things You Say To Dogs That'd Be Creepy If You Said To People
ZKNUQItTibQ,Unwritten Rules Of Thanksgiving Everyone Needs To Follow
Yp2oBnhtoL8,Americans Taste International Alcohols
KShozJYAAFs,11 Things Guys Take For Granted
5jBAJs3otcY,Dancing With the Moon
mdZC5LJswFE,Red vs. Blue - Achievements PSA | Rooster Teeth
7jCwOSJ2ZaA,9 Facts That Will Change The Way You Look At Men
IwsTUL_qP1Q,Weird Things Women Do But Don't Talk About
A6V81vfbnFk,Why What You Wear Is All About Sex
McUJTt6Rz-Y,The 14 Most Genius Yearbook Quotes
XllxxslzkGU,WWF Wrestling Buddies Commercial
Cvpakc4klwY,Guys Explain The Best Parts About Being A Girl
WZ-YusZsDt0,6 Things You Love/Hate About Serving
6nEeTprHxmw,
8uWcRP9dyVQ,
6YhKnt3B39o,Upper Middle Class Problems
UaKLD3ugJYA,ANGEL TEACHING HER GRAPEFRUIT TECHNIQUE
R1na68zwbOs,Proof Sinning Is Good For You
h1OWO4Vu5XI,5 Ways Girls Flirt That Confuse Guys
c0ZramI2hew,Do Your Favorite Childhood Snacks Still Taste As Good?
6QKJcAK4xEY,
zzO4zqWQLvY,K Camp - Money Baby ft. Kwony Cash (Official Video)
7bDLIV96LD4,Eminem - Headlights ft. Nate Ruess (Official Music Video)
I9SL_lrKmKs,Black & White Heads On Nose Part 3
VOju-YFfrvc,
SE3db-4y5II,JoJo - Marvin's Room (Can't Do better) (Cover) - Thy Phan
nv76KvFV748,Diplo - Revolution (feat. Faustix & Imanos and Kai) [Official Music Video]
dO7sdc6MQVQ,Common - Kingdom (Explicit) ft. Vince Staples
u0v5A6cQOhs,T-Pain - Up Down (Do This All Day) (Lyric) ft. B.o.B
V-qNdKonvpI,
OpEuePQ1jrk,
_ceDVbC7j-k,6 Apps that You Won't Believe Exist
PR05zJL8Fsk,"A$AP Mob - Hella Hoes (Audio) ft. A$AP Rocky, A$AP Ferg, A$AP Nast, A$AP Twelvyy"
K5NMOlebnKY,Coeur de Pirate - Wicked Games
65IGHBCx-2I,T-Pain - Up Down (Do This All Day) (Audio) ft. B.o.B
qlinKNqHCyg,Tobu - Infectious (Original Mix)
FAeAp9MzPtk,Future - Honest
1jKBk-8T3Yk,Kat Dahlia - Crazy
pt8VYOfr8To,Britney Spears - Work B**ch (Official Music Video)
gBRnXcrqHwc,T.I. - No Mediocre (Audio) ft. Iggy Azalea
P6cwol5b7Pg,Drink to That All Night (Remix) (Audio-Still) ([feat. Pitbull])
nsokUD4qWpc,How to Dye Hair Extensions
BiOmXeKyrxo,"Maejor Ali - Lolly ft. Juicy J, Justin Bieber"
qkvZSKLeKfA,D-Pryde - Faded
3x2ABSAMVno,David Guetta - Shot Me Down ft. Skylar Grey (Lyric Video)
P2BJlD5yxb0,"Buckshot & P-Money - Flute (Explicit) ft. Joey Bada$$, CJ Fly of Pro Era"
YIluOj-yoeI,SBTRKT ft. Little Dragon - Wildfire (RMX ft. Drake)
v0Gu_Yh_keE,Trey Songz - Na Na [Official Music Video]
a_cXhBy78T4,Jonas Brothers - Lovebug - Official Music Video (HQ)
x3A0IlXpHNc,50 Cent - Animal Ambition
oC-GflRB0y4,David Guetta & Showtek - Bad ft.Vassy (Lyrics Video)
7_eotalJJEM,Black & White Heads On Nose Part 2
LFasFq4GJYM,LORDE - Royals
X8LUd51IuiA,Sage The Gemini - Gas Pedal (Official Video) ft. IamSu
wj6PIx5Dm9Y,"Ludacris - Party Girls (Explicit) ft. Wiz Khalifa, Jeremih, Cashmere Cat"
auqFostuqUk,Avicii - Addicted To You (David Guetta Remix) (Audio)
qYUrKOePLvs,Shakira - Empire (Official Audio)
viOznudU47E,August Alsina - Ghetto (Explicit) ft. Rich Homie Quan
_JS-ZMMfP_c,G-Unit - Nah I'm Talking Bout
UezeSk0mIi0,Evanescence - New Way To Bleed lyrics
QBS0vL-H_kg,Conor Maynard Covers | Drake - Marvins Room
a2Gh3VdnXQs,"T.I. - Memories Back Then ft. B.o.B., Kendrick Lamar"
Zih7ENGANCw,D-Pryde - Nightmare
dSSjNWp0YrQ,Puff Daddy - I Want The Love (Explicit) ft. Meek Mill
VN4upVaDFFs,YG - Who Do You Love? ft. Drake (Explicit) (Official Music Video)
5anLPw0Efmo,Evanescence - My Immortal (Official Music Video)
MFtJ5Q0PQ_0,Ashanti - I Got It ft. Rick Ross (Official Video)
CdhqVtpR2ts,Evanescence - Going Under (Official Music Video)
W_v0dnSK4KY,Mary J. Blige - A Night to Remember
Hqdy1bYlgK8,Nicki Minaj - Danny Glover (Remix) Feat. Young Thug
b-J95fYuVz4,Tyga - Hookah (Official Music Video) ft. Young Thug
trtdEg34eII,Kat Dahlia - Gangsta
HeC-Hj97eak,DJ Cassidy - Make the World Go Round (Video) ft. R. Kelly
YU0L0u_IhZw,
cWypWe9UAhQ,Why Trust Is Worth It
uRKB4OnLmdg,
ybcvlxivscw,What Languages Sound Like To Foreigners
M_azYJCx4vI,
4Sl_DGLxm1s,My Dad With Our Dog
elILetNPyr4,If you are in a shell...
YVG1U-faqHY,how to drink whiskey like a sir
LuCCcQ2agms,Anonymous Live On CNN !
vUW-0SqMy0g,Top 15 Most Extreme Cliff Jumps - Cliff Jumping / Diving
VqB6wHFted0,Disaster - Face Tattoo After First Date
0auwpvAU2YA,Christian Bale Freaks Out on Set w/ SUBTITLES OF CREW in background
FsgILcti6G8,Dr. Dre rare interviews (NWA & Death Row days)
OZJwSjor4hM,Anonymous Hacks Westboro Baptist Church Website LIVE
J8X5zmR7R_w,"Man laughs off bank robbery, thinks it's a joke"
GWOJovFzWfw,How to Make Bread from Scratch- NO BREADMAKER NEEDED
XCVJl9bWrCo,Nuclear Tower & USA Base Jumps | Base Dreams | Ep 2
8ATu1BiOPZA,Lorde - Tennis Court (Flume Remix)
S8QF8dWjmJk,Ari Emanuel yelling at Josh topolsky at D10
iUorXAdk9Wk,Girl Going In On How To Give Head!
Uhdhs_K3hno,"Mark Cuban Discusses Dwight Howard, Dirk Nowitzki, and David Stern"
saWMs8MZl-0,"Doe B, Rich Homie Quan - 2 Many"
mycMcYgh4ZY,Emerson 7in Unboxing Android Tablet
d9WH740-gzQ,Whatever Wednesday 1
D3CFc95E_ns,How To Be: German (In 3 Easy Steps) || CopyCatChannel
U5HBWx2IUkM,How To Be: HowToBasic (In 3 Easy Steps) || CopyCatChannel
V-JQ6ZP_lXY,How To Be: American (In 3 Easy Steps) || CopyCatChannel
tJ66V-mKCk0,How To Be: Brazilian (In 3 Easy Steps) || CopyCatChannel
tWu2QAv0CGk,How To Be: Dutch (In 3 Easy Steps) || CopyCatChannel
eb2qilMRYqQ,Petra: The Lost City (Christian Documentary)
rJ3UZxWAcfw,Gaza is Burning: Here's What the Corporate Media isn't Telling You
baum0X230nI,Arabic with Husna | Behind the Scenes with Nouman Ali Khan
W0tfj2jngbw,Canon 600D T3i best DSLR movie settings
ekPBOVgGRSA,Ellie Goulding - Goodness Gracious (Official Video)
F6ImxY6hnfA,Robyn - Call Your Girlfriend (Official Video)
W2MzLdQKxYM,Holy Musical B@man! Act 2 Part 4
jjVlOKpwpYI,
wmwM_AKeMCk,A Very Potter Musical Act 1 Part 1
hFOVsbO6OxU,B*tches Be Like: Part 3
GkZpmKm21WQ,B*tches Be Like: Part 2
eR_nzGqYXNw,Types of Kids at School
RbOjD40DMRA,Dr. Drea: Episode 7 (feat. @Kingsley)
iY46NVQpjP0,Weavegirls by Todrick Hall
gWO2ZY-jUbQ,
XShBARLtVrg,How to Knit the Invisible Cast On
zRTeL3L3db8,Interview with Conchita Wurst - Austria 2014
cg0qluaxpOo,
6OQlO_kUOps,Wale - Clappers feat. Nicki Minaj & Juicy J [Official Music Video]
obx9n1e7rMc,Angel Haze - Battle Cry (Acoustic)
VnwKTQZtQv0,My Top 10 Video Game Easter Eggs and Secrets of 2013
iHMrI7PM2l4,Billy on the Street: Miley Cyrus
pnJXqO1HRjU,Billy in the Air - with P!nk!
73g7r3fjHAM,Billy on the Street: Cash Cow w/ Lena Dunham and Elena!
UJuYjtp70jc,
TMfPJT4XjAI,
KYRWKmZZwyA,Billy On the Street: Quizzed in the Face with David
Jlo5NZRhdLk,Rolling in the Crazy in Love (Adele / Gnarls Barkley/ Beyonce Mashup)
IDzxbL6wW6c,Cry Reads: I Saw It Coming
7w2Fioco2Hs,Billy on the Street: Cashface
GAtxO7oOvnQ,
bzDlS6JPUtE,Billy on the Street: Lightning Round (Name a Woman!)
3yHmiixs3qI,Spice - So Mi Like It (Raw)
imeXSRNRMeg,Celia Cruz - La Negra Tiene Tumbao (Official Video)
6FvgtWKejZA,Chip 'n Dale Rescue Rangers Theme Song - Saturday Morning Slow Jams
Zc-jvqJV4SI,
Tq2kJ56hSqo,Dr. Julia Hare tells it how it is...
e4FzG7Y0RCU,Gloria Estefan - Wepa
GUQmErSBIcg,Billy on the Street: The Price Just Feels SO Right
ZA3n-KUe3j0,Amerie - Gotta Work (Video)
YyMMAE7ocLA,Who's the Most Famous Person Sean Hayes Can Get On His Phone?
rdEExkPyL0g,Extended Peanut Butter from RuPaul's Drag Race: Reunited
BJbWVwuG0B4,
bTs1J3YOd0A,Wiggle Low Gotti Boi Chris
8TrklfVqtF0,Angel Haze - Bitch Bad
WG-IShOxrLg,Thai Prison Fights
pusPnlZpRuw,
Yb8JpbGJft4,Mila J Talks About Sister Jhene Aiko's Success!
jeOJotFpMUY,Ariel Pink - What's In My Bag?
eSfh0EXQAGo,Billy on the Street: Lesbian Lightning Round!
pJkaIzsk99k,Billy on the Street: Mr. Singh Gets Quizzed in the Face
l2-BhBxnKOU,
Tde9dAH96Ns,"Billy on the Street: ""It's Spock! Do You Care?"" with Zachary Quinto"
QFVRTyn9I_o,Billy on the Street: When the Easter Bunny Attacks!!!
WK0udmxZam0,
5TweS843bbQ,The Walking Dead Season 2 Episode 2 FULL Walkthrough [1080p HD] - No Commentary
Ta46M5rksBk,Ariel Pink's Haunted Graffiti - Only In My Dreams (Official Video)
Ap9rJOSpYTY,Billy on the Street: Indian or Not Indian?
8D9g_Bp6JP4,4 AM Thoughts With Patton Oswalt
uVHdqmN7-XE,Chongalicious Music VIDEO (ORIGINAL) | CHONGA GIRLS
F6HlYfbaWd0,Melanie Fiona - Bang Bang
UqJLjV2wI6k,Melanie Fiona - Change The Record ft. B.o.B
bCWoZCOJXIY,
g0POlhP-X1M,Billy & Patton Oswalt: Does Shakira Know What This Is?
zXf1TwRx55U,Dear Future Wife | Episode 2
n7PVhQPaFNY,Miguel - All I Want Is You ft. J. Cole
_E6uT8G0m-I,
2v33W2h8HJI,Silent Disco - JACK AND DEAN
b9ZJ7FpXiEg,"Mr. Vegas - Sweet Jamaica ft. Shaggy, Josey Wales"
on0mT8MQ-Wg,
08Bi8hMdwa4,Standing Abs Exercises - 10 Minute Standing Abs Workout to Lose Belly Fat
QsyJIhd6H30,
96vQk-RTmlQ,"2013 Honda Accord Touring V6 Start Up, Exhaust, and In Depth Review"
_zzEikdLPn4,2014 KIA Forte Sedan vs Chevy Cruze Diesel 0-60 MPH Mashup Review
bAx5Vx4UfU4,Iggy Azalea speaks on Beef with Funk Flex and Other Female MCs
aHmvg4bcm_I,Save the Jeep
XYk1VV9-V2k,2015 Chrysler 200 vs Accord vs Fusion vs Camry vs Altima 0-60 MPH Mashup Review
iNkxcKgKetY,
vB0eKyFnrPw,
ik8TKkC8LGM,Car Tech - 2013 Mercedes GLK250 BlueTEC
ymf7vZ0vR1w,Road Test: 2013 Lincoln MKZ
E0VNGx6JHZY,Iggy Azalea - Change Your Life ft. T.I. (Behind the Scenes)
r0S3keHCXXs,"2014 Mercedes-Benz CLA250 Edition 1 Start Up, Exhaust, and In Depth Review"
MuEnXw_Aodk,Extreme Strength - mini documentary about strongmen and the history of the sport
7pE0jXUOudc,"2014 Mercedes-Benz CLA45 AMG 4Matic Start Up, Exhaust, and In Depth Review"
Avk1nqUMOnA,Car Tech - 2014 Infiniti QX80 AWD
raQ54u3D2LE,2013 Infiniti G37 vs Audi S5 vs Volvo S60 0-60 MPH Mile High Mashup Review
L7Jd910Bw84,"2014 Maserati Ghibli S Q4 Start Up, Test Drive, Exhaust, and In Depth Review"
mpQ1mKsnA-M,Constantine Trailer 2014 + Trailer Review!  New NBC TV Series from Warner Bros and DC Comics!
uYRk4EhEfkU,Top 3 Cool New Car Debuts unveiled at the 2014 New York Auto Show
REB9J_B3Ut8,
lWZ2Bz0tS-s,MIT Godel Escher Bach Lecture 1
KiFria6nCoc,2013-2015 New Crash Test Audi A4 BMW Mazda 6
HQQd1-i0mGo,508 Horsepower Volvo S60 Polestar - CAR and DRIVER
KkDY9pDqrbc,Fisker Karma vs. Tesla Model S
hn_osO8bt6U,Chevy Volt - 9 Months and 9000 miles with this amazing GM hybrid electric car [Review]
HeL3A6TYQ94,Ford F150 pulls out semi at South Padre Island spi
5wIK1otb-2E,Tennis:  Female Pro vs. Amateur Male
v5l55ch4yfA,2013 Toyota Avalon V6 0-60 MPH First Drive Review
_B789lus-JE,
MvJ7qZ8l82g,2015 Cadillac Escalade 0-60 MPH First Drive Review: Rebooting American Luxury
pkpm9xfBxs8,
TE6h2iNVFC8,Here's the 2013 Honda Accord vs 2013 Volkswagen Passat on Everyman Driver
QjxnDa2uEDc,2014 BMW 435i xDrive 0-60 MPH Review
uuxE5qLqH_g,New Bugatti Veyron To Get Crazy Amounts of Horsepower - Fast Lane Daily
b6pYnpBIuNI,2016 Audi A3 - Review and Road Test
TARqK_Rkp0w,187 - nikad neces znati
yqIpKg28oJE,Hidden Characters/Things in Disney Movies
z07nk7EH4rQ,Love The Beast - The Full & Uncut Interview With Jeremy Clarkson
cczM5LawTbA,Turkish Kangal Dog fighting  with bear.
0ThZ8dc2B8E,Brown Bear Attack | Dangerous Encounters: Alaska's Bear Country and Beyond
DCpsusTta4w,
8uH0TfkLN3w,FKi x Iggy Azalea - I Think She Ready (Official Video)
lFcAliaRVgo,
K4VVTrg2CI0,AMC Movie Talk - Leo DiCaprio As Steve Jobs? TERMINATOR: GENESIS Now Shooting
djFAVS1ywDs,2014 KIA Cadenza First Drive Review
R89237FsHdw,Sneaker Review: Nike Roshe Run Team Red/Sail
Tqm-rDB7Xic,Trapt-Made of glass (lyrics)
gsCWK4XYHV8,
8t0NILJQN-8,Our Lady Peace - Is Anybody Home? (Official Video)
GUkUa1rIXrI,Trapt These Walls
oOGPVS88HIY,Let It Go - Frozen | Anthem Lights Cover
BfX58hlixzE,Taylor Swift - Love Story x You Belong With Me x Red | Anthem Lights Acoustic Mashup
t-xxShOxiBM,STREAM PC OR LAPTOP WIRELESS TO TV IN 1080P
uneToG4PYgg,LIGHTS - Cactus In The Valley Acoustic [Lyric Video]
IxxstCcJlsc,Zedd - Clarity ft. Foxes (Official Music Video)
3hHhUVV9CiY,LIGHTS performs Quiet
t-GkFp1atcE,Kat Dennings - huge cleavage - big boobs
ALh9sd6FG78,Benedict Cumberbatch reads D-Day news bulletin - BBC News
LOf7hkCZjGw,Gordon Ramsay Shocked By Illegal Pig Castration | The F Word
E4h6nphw9Bo,
EOe-BtP-eSU,History and Lore Mad King Aerys - House Lannister
0cuNgt-hQHo,Star Trek Into Darkness London Press Conference
OR0pQcp5jYg,Anthony Bourdain on Celebrity Chefs
FjUWzM6kcag,Oscars 2014: Benedict Cumberbatch's excitement on the red carpet
vzz4OSfpSsw,Gordon Shocked by Prawn Cocktail Decoration - Kitchen Nightmares
e1sscxvETn4,Sherlock:  Benedict Cumberbatch interview - Updating Sherlock. - BBC One
56OzqxGMr_U,Don't Assume You Know How Retta Rolls | CONAN on TBS
qliIhFm60ac,
vduGDhgX_KI,You Have Been Watching S01E06 Pt 1
XyqK7QSC1oA,
z02Ie8wKKRg,12 YEARS A SLAVE - Official Trailer (HD)
tf9uXqnxUvI,Chef Ramsay Shocked at Restaurant Owner's Age - Kitchen Nightmares
LgKctlPAF-0,
WRzpw2Ej5Bc,Benedict Cumberbatch reading a fairtytale
uPhISIi008E,
1gYPVKOqS5g,
_zCLmjgzCvI,Vaginal birth at 34 weeks
5fL4ntcCZVY,"Sex, Lies and Benedict Cumberbatch in Soho"
TDstQWR1Rbs,Anthony Bourdain on Gordon Ramsey
AKvdCQ-6jdU,"Olympics opening ceremony. Voldemort arises, dozens of Mary Poppins figures descend"
NX7RWCdxxtQ,
l_n5njWQiKE,Benedict Cumberbatch discusses Sherlock with Louise Brealey (1/3)
kZe25v0EmW0,Benedict Cumberbatch Behind the Scenes in Star Trek: Into Darkness
2r8rQbWq_zU,Benedict Cumberbatch Says 'Sherlock' Fan Fiction Is 'Flattering'
hG6U9WAdppo,Gordon Ramsay puts Vic Reeves in his place for ordering a fried egg and Lynda Bellingham falls over
jYd87JwZwFU,
85UbwWIIp-Q,Is This A Restaurant Or Nightclub? | Kitchen Nightmares
2EyoovbXuu4,John Barrowman Would You Rather Kiss Benedict Cumberbatch or Martin Freeman
ePjSWfn5hgo,"Ani DiFranco Performs ""God's Country"""
dYVzaG0B0qY,GARY OLDMAN on His Screaming Role in CALL OF DUTY - The Graham Norton Show on BBC AMERICA
Mz_01tjBwAE,gordon ramsey more mad than ever
UHNHliWCCL8,Who Is EMILY BLUNT? (The Graham Norton Show)
HPpGFUsL7VA,
aVsvVclKpU8,Stephen Colbert Reaction to Obama Victory
nnVuIwRX7V0,The Unassisted Hospital Birth of Clay
mAbreeMofRg,Tucker Max gets called out on The Opie & Anthony Show
PbTxlOQBTq0,Flirty Texts with LENA DUNHAM & IDRIS ELBA - The Graham Norton Show on BBC AMERICA
Q_kkfSqPONc,Conor Oberst - Zigzagging Toward the Light
9l963C4HKL0,Sherlock and Moriarty's Rooftop Showdown | Sherlock Series 2 | BBC Studios
0JN62xnM2LY,Benedict Cumberbatch on Auditioning for Sherlock
7aU9ehmoli8,MELTDOWN!! Great celebrity laughing fits
JPOTGibC3eI,"Sherlock Cast Interview with Benedict Cumberbatch, Martin Freeman and More"
_wjq156Rv_I,
p1lSEOMYg5U,Martin Freeman discusses series 3 of Sherlock and fanart
Js0mbVZn8Io,Jason Mraz - 16 - The Remedy - Java Joes
HPVjMTAQWMw,Benedict Cumberbatch dances at Oz Comic Con
gEf6aS0HTk0,
eyOcmvulT8U,Kate Mulgrew reveals that Natasha Lyonne shot a pilot with Amy Poehler
pO70ZjZ0wrw,
M648l2NnS5k,Improve your aerial explosions with compositing techniques in After Effects
IqPATbDhrb4,Thirty Seconds To Mars - Stay (Rihanna) in the Live Lounge
52fi9uk0PV4,Samsung Galaxy Grand Neo Review
6YWqkX8ZLDI,
qrUMT5qCe6Q,
vQA2dJg5WT4,Multicamera Editing in Adobe Premiere Pro CS6
zGHprNd3WME,Maleficent Soundtrack OST Main Theme
jGjdZX-pK7s,'Ordinary Love' - New Video by Oliver Jeffers & Mac Premo
axWQoA1Psh0,Coldplay - Oceans in the BBC Radio 1 Live Lounge
PUYz1J-WkV4,
mKZBHzBwn44,Mojo Jojo Song - Rule All Of The World (PowerPuff Girls Rule)
Jt_Sz_srw80,Building the Large Pixel Collider
dIyKy4A4kBU,
hpNp8WdQOoo,The OMEn Chronicles - Harry Potter - 4K
CHN0hscu9aQ,Paolo Nutini - Recover (Chvrches) in BBC Radio 1
6WRjgv62Ayc,
cLnkQAeMbIM,Gorillaz - Dirty Harry (Official Video)
Yc9Dlc3llaQ,Huawei Ascend P6 (Slimmest Smartphone in the World - 6.18mm) Review
sAjKT8FhjI8,Video Game High School (VGHS) - S2: Ep. 1
9kw_jaj9K9c,The Best Android Phones of 2013!
ryO3En-zG68,
48qwvBkpw1g,Ed Sheeran - Stay With Me
lKA_-Gz0QyY,Samsung Galaxy Grand DUOS Review
BmzrKSIhm9I,
pDO3nDfN_ZI,Example - Dark Horse in the BBC Radio 1 Live Lounge
si6GPdixRVU,The keyboard of the Large Pixel Collider
bU0s22oFoDE,Just Drift - ASB 13/Toy Drive
EjjHF3alQmk,The Kiffness - Pushin' On
4L5qBzpKHNE,LG G2 Review after 6 months of use-still worth it?
XjZ4V2hVT_Q,"HPC- Burn Rubber, Not Gas! 100MPH Electric Bike Burnouts"
b0djeyLi_Jg,
bzIzZm4sN9E,Samsung Galaxy S5 vs LG G2
jlaeJ6k75cY,Birdy - 1901 [Official Music Video]
B4AzBMat_Fo,Frugal Camera Cage
i7M6e6RnF6A,
HpYCplyBknI,THE COLD WAR - PART 1: From World War to Cold War
YQgVwc8kj6M,
QoNkfOHBzQk,"I Like to Move It, Move It - Sacha Baron Cohen - Madagascar (2 3 4- LONGER VERSION ) TRUE LYRICS"
blVnqSMOAU0,Call Of Duty Ghost On PS4. 4K Quality
0aKFtdCG-MU,Nick Mulvey - We Are Never Ever Getting Back Together
0deDNdOxbdE,Aloe Blacc - Magic (Coldplay Cover)
QTzQY_Y2yzE,
_krlUcsyUV8,Nicki Minaj - Pills N Potions
gF3JO3nqrKw,Stealth Bomber Electric Bike - Sweden 72V 18Ah LiFePO4 65A
2GdI8z5dWi4,
qzxlUgPEXFM,"Shortstraw - Good Morning, Sunshine (OFFICIAL VIDEO)"
-rC8RRXcfeo,
EXtywJ_ozyY,
QT2XTvuyQms,Creating Professional Photography w/ $30 Reflectors - Photography Lighting Tutorial
T1tV-ovGPyc,"An original maker: Paul Elkins, Pacific Northwest polymath"
PfCVnifEMdw,Ellen's Been on Your Facebook Page!
7mFVaEmYLys,Wooden Sailboat Building meets TREE HOUSE DESIGNS?- Free Spirit Sphere Tiny Orb Cabins
V5j4PL-2Jlc,"Salvaged tiny homestudios: tin can siding, paper bag wallpaper"
qlrB9kbOMBo,Greatest Moments: Happy Accidents
ZfZBHWSbrsg,Nick Ortner Talks About How to Rewire the Brain with EFT - The Tapping Solution
QXK0AnWGXwE,
j8n0IjNurtI,Small Home: 420 square foot TRANSFORMER apartment (Graham Hill-Treehugger/Life Edited)
mc0vhSseGk4,Impossible photography | Erik Johansson
omMoLBKzgjU,"Matthew West - Hello, My Name Is (Live)"
u7gDkSE8GGg,
I81DMuWVLtk,"Kid Snippets: ""School Dance"" (Imagined by Kids)"
VEX-k9ogpp0,I'M SORRY | Jamie's World
QMT2qvZpspU,Squat Workout for Sexy Legs and Round Booty
K72dRv5ejIc,Worst Teacher Ever
kdoYK9jOltQ,Mates of State - Get Better
oXUATICFg-w,The Six Types of People You Meet at BYU-I
x5He9S3a0fI,Gun at a Knife Fight
QxIxVz8Aqho,
kfsUqi_2mzA,"I'm a Mormon, Mother, & Caretaker of Bulgarian Orphans"
6zMVFsz7oT4,Miss America Disaster
RVX9W9xDDUg,I CRIED WATCHING THE FAULT IN OUR STARS | Jamie's World
A2KCGQhVRTE,Lobster Bisque
-5pmly8wgAU,
Dai7IhDQJEY,Hibiscus Bisque
FM8sIVzvOlw,Dungeons and Dragons
BB7R0ZY9w94,Neon Trees - Sleeping With A Friend
huQh2aE2Sao,How To Sew A Zipper In A Skirt
Z5ItS7JbGU8,
p_OvashuS7Q,Sam Smith - Nirvana (Acoustic)
jyJum-dkkSo,"Far East Movement, Riff Raff - The Illest (Ktown Riot Edit) ft. Riff Raff"
0KUnXpwmrqQ,#Samsung Norway: Official release Samsung Galaxy S5 (live) by Strawhatz
APJmwN4ozlQ,How to clean a xbox 360 game disc **100% WILL WORK**
IuEkqldx9e4,MisterWives - Reflections (NY Edition)
cIm15G-M0ms,Trevor Jackson - Drop It [Official Music Video]
8mGiyPyZY0c,Kitten Jam - Heavy Metal Version Video (funny cats/kittens dancing and moshing) (official)
KvLo7pyWoHE,Jeremy Lin - Day in the Life: Road Trip
KV8dJIglTyI,Robin Thicke - Rollacoasta ft. Estelle
xZIrzWcoCoU,Sam Smith covers Bruno Mars' - When I Was Your Man
xWcHaRZaMy8,Jennifer Aniston Tests the Vibrating Bra
x2XX3cNW4K0,Akdong Musician(AKMU) - GIVE LOVE M/V
tarp4X432RI,Adam Silver press conference on Donald Sterling
nd3Wrdz0lwA,How to Air Chair | Victor King (Quest Crew / YTF)
aomI9IvlWiY,Akdong Musician(AKMU) - 'GIVE LOVE' Dance Practice
fVBCFGebqTg,DIY X-MEN Making WOLVERINES CLAWS
WuWTWPPtLtM,Fish - Clara C (Official Video)
XntUhF68DJc,WINNER - 1st TEASER 'THE VISITOR'
p_TmRsudnPs,Street Ballin Basics
AshQkYop74s,
JoqgEReu6Ws,
VHCDgHg8GMY,You Stole My Shopping Cart!!!
exbcLn_W8Zw,SISTER TAG!
1kQjm6tsI8g,
CYZVdLcbs9Y,
u9WL1zkLfis,
BEGMqY_A3c0,What I Do in Bed
i36Jy4ukcXM,
40nFOYGVJtY,Clean Bandit - Extraordinary ft. Sharna Bass [Official Video]
_VvILRC6QAk,Clean Bandit - A&E ft. Kandaka Moore & Nikki Cislyn (Channel 4's Random Acts)
TDaZ0XfFpIY,My Everyday Makeup & Morning Routine (Mommy Edition!)
rqzFuj4EIAE,
gDClCearfwM,GET READY WITH ME BEDTIME
NocsOsrjdHw,
KRACkwECiQ4,
4uSHs1bgXlc,"ALL ABOUT MY HAIR | (Color, Cut, How I Keep My Long Hair Healthy)"
R4KW8JZd87I,I MOVED!!!
uuxrHf6fPsI,Sex Advice & 69ing Ft: MissFenderr
7qx6icw4sZM,What's In My Vegetarian Fridge
922IEH6JcXA,"March Favorites! Liz Earle, Kevin Murphey, Sonia Kashuk & More! | Blair Fowler"
Iu3MDNwV93A,Getting Ready in the Morning
ejV3GUs75p0,
m_nfG6nuYsM,Ingrid's Apartment Tour!!!
HP0vRPu8FJo,September Period Box Unboxing| Madame Ladybug
kthjjo0lOyM,Room Tour // 2014 | MEGHAN HUGHES
yChCg71DYEU,I Almost Died... AGAIN
SdfL2nY-Xs8,Clean Bandit - Dust Clears ft. Noonie Bao [Official Video]
TYd3RYcZ09A,May Period Box Unboxing| Madame Ladybug
cMtxfBEqu44,
f5BuKmnAGvo,My Night-time Regime
AVTaOx-3SbU,
AMgz4TAwvZg,
eY03kE2FG8c,"How To | Big Bun, Sock Bun & Messy Bun With Extensions"
vY_gNW9l5ZE,KAYLA GETS A WEAVE
xZM6L2wNt0Q,
WzQs4lYiBQw,Party Like It's 1999
Y4fur_12EEc,Smokey Cat Eye Tutorial | Jaclyn Hill
U4bPB0_UTAA,Clean Bandit - Nightingale ft. Nikki Cislyn [Official Video]
2pkrtYIZV5o,My Go-To Makeup Look!
aJIUmzQlXDM,The Script - If You Ever Come Back (Official Video)
rbZcKMJ92ts,Morning Routine! | Meredith Foster
F-ZjKGtwlFc,Working On My Summer Body!
A589u5-RdIk,Q&A: Bikini Waxes & My Dog
oy1r9DqSSd0,Day In The Life Of Pink So Foxy
UkPZQJLFj9Y,3 Buns in Under 5 Minutes | Casey Holmes
EjemqM2_nsM,2013 Travel Series: My In-Flight Essentials
uMiKostLtQA,
QAqlaAaJohY,SUGAR SKULL MAKEUP TUTORIAL (NYX FACE AWARDS 2014 ENTRY: ROUND 1)
tQD2-8IHR5E,MY SISTER GOT IN A CAR ACCIDENT! :( | Vlogmas Day 5!
V7FXpnu-wSE,
r3taWURmII8,May Favorites 2014
GeynVBZjls8,Clean Bandit - Telephone Banking ft. Love Ssega [Official Video]
5ssB0TYBUng,Typical Day in my Life
NEEfODO1FWM,WONDER WAX - DOES THIS THING REALLY WORK?
yuXV1AE7sI8,
mRr5hwsyLB0,"FAQs Part 3: Moving To Hawaii, Starting a Business"
P66h1BX896k,
6a_9Dugu4gs,Vlogmas 2012 - INGRID DO NOT WATCH THIS! - Day 16
xykLsX6ASYY,BEFORE AND AFTER MARRIAGE
2xJe9OD_iUg,Let's Talk About It! Feminine Hygiene
BkamYQdIt9o,MAY FAVORITES- 2014
mDLsYzpQdSw,Rearranging My Room
pD6dAZ0Bi30,
hAvd8V6p5gI,Circa Survive - Suitcase [Official Music Video]
0EEfjUGc1Io,Animal Expert David Mizejewski: Brown Bear Cub & Baby Alligator | CONAN on TBS
2k64w3354kE,Taco Flavored Kisses
aerG4c6QpTA,dad makes fun of his son for looking like marilyn manson
FF_rYNupPwg,"Chef Official Trailer #1 (2014) - Scarlett Johansson, Robert Downey Jr. Movie HD"
kErEUhlPoMU,La Roux - Quicksand
Gi8adI4e2Lk,LeVar Burton on Why 'Reading Rainbow' Was Cancelled (Media Beat 2 of 3)
HyKhIiGKq5M,PTSD and Alien Abduction - Slaughterhouse-Five Part 2: Crash Course Literature 213
6Vu081NOorA,Lucy Official Trailer #1 (2014) - Scarlett Johansson Movie HD
16T6UJW5oWY,Raw:Shoe Thrown at Hillary Clinton During Speech
rJqDPaf31Gw,Cat Hiccups and Farts at the Same Time
QDFxZIRfqvc,
gwgfeR2pMuE,"The Signal Official Trailer #1 (2014) - Laurence Fishburne, Brenton Thwaites Movie HD"
Q1LZ6JoUkJc,Venus In Fur Official US Trailer (2014) - Roman Polanski Movie HD
-7KZfsCi5iA,My interview with The New Republic
VMeXGE_a8Gg,Louis CK Punches Dog In The Face To Save Her Life | CONAN on TBS
OLWboMVgMVM,Game of Thrones S04E08 ending - The Mountain vs The Viper reaction
0Bmhjf0rKe8,Surprised Kitty (Original)
jiTXnKEyecg,Mo Asumang: Confronting racism face-to-face - BBC News
_znYyh7t63E,Crazy Mad Bald faced hornets and a Sony Action Camera
mws3IgkUN8c,Meet the Cast of BOB'S BURGERS
x64cy3Bcr98,
Sp9Imph4nXw,The Body Swap - Switching Bodies {The Kloons} S1 E1
jWQGECiTpOE,
uWNyNw8RLB4,Everything Wrong With Insidious In 8 Minutes Or Less
oHwpywaOwVg,"LeVar Burton on 'Roots,' 'Star Trek' and Success in Hollywood (Media Beat 3 of 3)"
_PUE8fYxjq8,Gary Plauche Shoots Son's Kidnapper In Airport
F6g7S2W27Kc,"Aliens, Time Travel, and Dresden - Slaughterhouse-Five Part 1: Crash Course Literature 212"
3WvfrGs4r7U,Telling My Grandma I Got A Girl Pregnant
cBC-pRFt9OM,Honey Maid: Love
TrdUDA0GMQc,Oeps interview blooper hahaha
xSSDeesUUsU,Louis C.K. Hates Twitter | CONAN on TBS
u1s8vfihMbA,Dream A Little Dream - The Beautiful South
LuhLVl5qf2A,Guns N' Roses - Garden Of Eden (Without Paper Version)
kiB3Sev0RRY,Guns 'n' Roses - Interview with Duff McKagan on Rapido
L-8IPDR4Khc,Yoga Girl - Music Video [HD]
V593MMT-DLY,Axl Rose - Donnigton Interview 88
r6n6yvZjVsQ,
pC9olGKn2ZY,"Winter's Tale Official Trailer #2 (2014) - Colin Farrell, Jennifer Connelly Fantasy Movie HD"
CnAIS8ISzEE,"The Path of the Metal Turtle (played on SpB, not PanArt Hang)"
VrGfuYsodf0,
ohVv5-rq-JY,The Immigrant Official International Trailer (2013) - Jeremy Renner Movie HD
uUVZAMbGtDg,
jHvJwoHj6hU,
tP6TEEBVeYU,The Six Million Dollar Man - montage 1
KDe4mAgvA80,
o1tj2zJ2Wvg,Guns N' Roses - Welcome To The Jungle
dpmAY059TTY,Guns N' Roses - Estranged
Ni6mmXnqmN4,Amazing double Hang action! ( Danny Cudd ) ( HD )
Gf3vDSv91ZI,Free Yoga Class 45 mins:   Intermediate/Beginner: Lunch Time Yoga Class
XOTGz-1vizY,Bedtime Yoga Sequence
Rbm6GXllBiw,
yyeTYF5U2ts,Hang Massive Ft. Craig R Ninjah - Kanthi Song  ( HD )
tOlrjmpDD44,How I wash my curly wig
i8356FxUT20,Erik SATIE: Gnossienne No. 3
wWhtcU4-xAM,Duck Sauce - Barbra Streisand (Official Video)
hX7r5F60TPA,Portishead - Roads (Roseland NYC) (HQ)
0d0uu7MW__U,"""RoboChris"" - Bravest Warriors Season 2 Ep. 2 - Cartoon Hangover"
8SbUC-UaAxE,Guns N' Roses - November Rain
vp_OB6Sgg_g,
7xctBhj7TVc,Yoga Morning Heart Expanding Practice ~ Intermediate Yoga Class ~ Full Length 49 minutes
HdTDq5WhEMs,Doing a Sew-in With A Closure Part 2 of 2 FINISH LOOK
JX3GEnMzQWc,Fabolous feat  Lil' Mo- Can't Let You Go (HD)
21ef2qZWC8E,How to Revive and Maintain Curly Synthetic Hair
gzkAQ_TkXPQ,Big Pun - 100% ft. Tony Sunshine
JlGmE8mrpAE,Get Ready With Me! Red and Purple Haiirrrrr! =))
dNk3R23Twgw,Erykah Badu ft. Common - Love Of My Life (An Ode To Hip Hop) [Official Video]
frDExGBHJA4,Full Hair Sew in with closure Tutorial
GyYEMXHIVAU,
38FhuxiyRCs,
gCSWbTv3hng,The Real Reason You're Circumcised - Adam Ruins Everything
3A2IXsB7C0Q,Evolution of Dad Dancing (w/ Jimmy Fallon & Gov. Chris Christie)
NNEgUPKxk7A,Heavy D & The Boyz - Now That We Found Love ft. Aaron Hall (Official Video)
i73dWYJqVHk,Dave Chappelle- Sesame Street
L1OBPuLXNS8,"Fallon on ""More Cowbell"""
2fPgIIB67bw,Game of Thrones - 1995 Style
lL0WayC7jW0,norm saves the interview
bXls0gitMjU,Computation Of 3D Vision In Praying Mantises
8BiOPBsXh0g,How To Make A Simple Python Keylogger
7o3jir7J_Kw,LOLO - Weapon for Saturday [AUDIO]
vgHZwrwM9jE,Wavves - Demon To Lean On [AUDIO]
PEMO7nkHs8I,So Like...
5c7wbvusIPA,
4AedPqMMxqA,Dear 40...
3gxhLiNypVU,"Toro Y Moi ""Talamak"""
vQ7c7zhxjio,
FZoUleklIx4,Freegans: Creative Living Outside of Capitalism
rsi4ocJ3YqI,Always That ONE THING...
h1zGqRXZlnY,"TREAT ME LIKE A PIRATE - Flynt Flossy, Yung Humma, Whatchya (@Turquoisejeep)"
